url,label
http://verify-google-identity.gq/win-prize-claim,1
https://www.google.com/pricing,0
http://click-here-vsyxbb.info/update-billing,1
https://app.bbc.com/login,0
https://click-here-bpgt99.info/reset-password-now,1
https://www.stackoverflow.com/help,0
https://api.wikipedia.org/faq,0
http://free-iphone-us73w1.top/verify-account,1
https://facebook.com/blog,0
http://user@verify-hsbc-identity.gq/confirm-identity,1
http://paypal.citibank-update-billing.xyz/account.php?cmd=login&session=abcdef,1
https://nytimes.com/features,0
https://bbc.com/services,0
http://amazon-prize-winner-fdtrc8.cf/confirm-identity,1
http://user@google-security-alert.pw/secure-login,1
https://ebay.com/support,0
https://paypal.com/faq,0
https://api.nytimes.com/features,0
https://paypal-verify-account-lifncr.com/suspended-account-recover,1
http://paypal-verify-account-hkcmnt.com/verify-account,1
https://app.reddit.com/features,0
https://app.facebook.com/news,0
https://mail.adobe.com/blog,0
http://click-here-6okwoa.info/suspended-account-recover,1
https://mail.paypal.com/about,0
https://user@secure-hsbc-login.com/account.php?cmd=login&session=abcdef,1
https://verify-citibank-identity.gq/free-gift-activate,1
https://www.stripe.com/signup,0
https://zoom.us/help,0
https://www.dropbox.com/help,0
https://api.salesforce.com/faq,0
https://login-6ytipa-secure.ml/win-prize-claim,1
https://mail.amazon.com/contact,0
https://99.19.190.137/confirm-identity,1
https://mail.oracle.com/services,0
https://mail.nytimes.com/services,0
http://login-4j1o5h-secure.ml/secure-login,1
https://www.cnn.com/login,0
https://app.amazon.com/services,0
http://mail.dropbox.com/pricing,0
https://api.google.com/pricing,0
https://amazon.com/blog,0
https://app.nytimes.com/services,0
https://www.medium.com/about,0
http://click-here-nzrf5a.info/free-gift-activate,1
http://168.90.10.38/confirm-identity,1
http://user@paypal-verify-account-eh30oi.com/free-gift-activate,1
https://oracle.com/services,0
http://secure-amazon-login.com/confirm-identity,1
http://google-update-billing.xyz/account.php?cmd=login&session=abcdef,1
https://mail.dropbox.com/login,0
http://paypal.wellsfargo-security-alert.pw/win-prize-claim,1
https://app.bbc.com/contact,0
https://verify-chase-identity.gq/confirm-identity,1
https://mail.ebay.com/pricing,0
https://free-iphone-7h4pzn.top/update-billing,1
http://mail.google.com/contact,0
https://www.slack.com/features,0
https://verify-citibank-identity.gq/win-prize-claim,1
https://www.reddit.com/features,0
https://www.slack.com/blog,0
https://app.wikipedia.org/login,0
https://adobe.com/faq,0
https://dropbox.com/about,0
https://app.dropbox.com/products,0
https://mail.github.com/help,0
https://mail.salesforce.com/help,0
https://mail.forbes.com/news,0
http://free-iphone-h0mx1e.top/update-billing,1
http://app.amazon.com/about,0
https://account-suspended-u4bawz.tk/win-prize-claim,1
https://secure-google-login.com/account.php?cmd=login&session=abcdef,1
http://account-suspended-psrb6y.tk/reset-password-now,1
http://paypal-update-billing.xyz/verify-account,1
https://forbes.com/support,0
https://www.medium.com/about,0
http://verify-google-identity.gq/free-gift-activate,1
http://apple.paypal-verify-account-9gf5lx.com/reset-password-now,1
https://paypal-update-billing.xyz/verify-account,1
https://paypal.click-here-yu2rna.info/secure-login,1
http://secure-hsbc-login.com/?id=12345&ref=phish,1
http://118.85.77.91/free-gift-activate,1
http://mail.adobe.com/blog,0
http://google.chase-update-billing.xyz/secure-login,1
http://paypal-update-billing.xyz/free-gift-activate,1
https://www.medium.com/features,0
http://google.paypal-verify-account-24i1ag.com/update-billing,1
https://mail.shopify.com/,0
https://login-02upvs-secure.ml/update-billing,1
http://verify-google-identity.gq/update-billing,1
https://app.apple.com/faq,0
https://mail.zoom.us/signup,0
http://user@paypal-update-billing.xyz/update-billing,1
https://mail.amazon.com/faq,0
https://verify-hsbc-identity.gq/account.php?cmd=login&session=abcdef,1
https://api.paypal.com/blog,0
https://chase-update-billing.xyz/reset-password-now,1
http://paypal.click-here-6xdo7l.info/win-prize-claim,1
https://app.twitter.com/,0
https://microsoft-update-billing.xyz/?id=12345&ref=phish,1
https://free-iphone-749q6q.top/update-billing,1
https://mail.github.com/,0
https://github.com/login,0
https://paypal-verify-account-4r9v4k.com/win-prize-claim,1
https://mail.microsoft.com/blog,0
https://www.dropbox.com/pricing,0
http://241.21.71.230/?id=12345&ref=phish,1
https://microsoft.com/help,0
https://mail.adobe.com/help,0
http://paypal-verify-account-de1zub.com/suspended-account-recover,1
http://verify-citibank-identity.gq/verify-account,1
https://app.reddit.com/pricing,0
https://user@verify-amazon-identity.gq/win-prize-claim,1
http://paypal.click-here-ml3f4r.info/?id=12345&ref=phish,1
http://wikipedia.org/support,0
https://citibank-update-billing.xyz/secure-login,1
http://app.shopify.com/home,0
https://app.zoom.us/faq,0
https://mail.cnn.com/contact,0
http://click-here-sgfxuq.info/update-billing,1
https://paypal-verify-account-2e52dy.com/verify-account,1
https://app.slack.com/signup,0
http://api.slack.com/services,0
http://user@free-iphone-qkf4vg.top/secure-login,1
https://www.amazon.com/,0
http://verify-bankofamerica-identity.gq/confirm-identity,1
https://amazon-prize-winner-ulyo3p.cf/reset-password-now,1
https://app.linkedin.com/support,0
https://api.facebook.com/,0
https://mail.netflix.com/faq,0
http://apple.click-here-awj28c.info/free-gift-activate,1
https://bbc.com/features,0
https://amazon.click-here-2tc4t3.info/secure-login,1
http://user@free-iphone-0khfsu.top/?id=12345&ref=phish,1
https://mail.shopify.com/home,0
https://app.amazon.com/news,0
https://mail.dropbox.com/about,0
http://133.3.44.84/?id=12345&ref=phish,1
https://www.twitter.com/about,0
https://227.53.93.100/confirm-identity,1
http://account-suspended-t3vhtn.tk/update-billing,1
https://mail.amazon.com/about,0
http://97.145.32.61/?id=12345&ref=phish,1
http://47.91.187.204/suspended-account-recover,1
https://158.244.203.131/confirm-identity,1
https://mail.salesforce.com/about,0
http://224.251.238.160/secure-login,1
http://verify-paypal-identity.gq/secure-login,1
https://paypal-verify-account-6xg541.com/suspended-account-recover,1
https://api.dropbox.com/products,0
http://4.175.142.198/suspended-account-recover,1
https://237.93.71.97/confirm-identity,1
https://paypal.com/signup,0
https://171.234.82.221/free-gift-activate,1
https://www.google.com/services,0
https://paypal-verify-account-umczq9.com/reset-password-now,1
https://twitter.com/signup,0
http://user@login-txixcd-secure.ml/suspended-account-recover,1
http://account-suspended-l6spbn.tk/free-gift-activate,1
http://verify-hsbc-identity.gq/confirm-identity,1
http://secure-apple-login.com/reset-password-now,1
http://click-here-trtidz.info/?id=12345&ref=phish,1
https://app.amazon.com/features,0
https://mail.paypal.com/signup,0
http://click-here-zrjo7v.info/verify-account,1
https://app.slack.com/support,0
https://adobe.com/pricing,0
http://paypal-update-billing.xyz/secure-login,1
https://click-here-hgw10c.info/confirm-identity,1
https://api.nytimes.com/about,0
https://bankofamerica-update-billing.xyz/verify-account,1
http://account-suspended-cd5lxt.tk/suspended-account-recover,1
http://137.6.48.249/suspended-account-recover,1
http://mail.stripe.com/blog,0
https://27.28.195.20/update-billing,1
https://mail.ebay.com/help,0
http://apple.verify-paypal-identity.gq/secure-login,1
http://paypal-verify-account-decbir.com/secure-login,1
https://www.forbes.com/products,0
http://verify-wellsfargo-identity.gq/secure-login,1
https://api.github.com/login,0
https://apple-update-billing.xyz/suspended-account-recover,1
http://11.1.14.170/confirm-identity,1
http://paypal-security-alert.pw/account.php?cmd=login&session=abcdef,1
https://mail.cnn.com/home,0
http://app.slack.com/login,0
https://api.adobe.com/,0
http://click-here-zhhnba.info/account.php?cmd=login&session=abcdef,1
http://app.github.com/products,0
http://paypal-verify-account-gry58v.com/free-gift-activate,1
https://shopify.com/pricing,0
https://nytimes.com/home,0
http://citibank-security-alert.pw/update-billing,1
https://app.adobe.com/about,0
https://www.nytimes.com/,0
https://verify-hsbc-identity.gq/reset-password-now,1
https://cnn.com/signup,0
http://245.216.62.108/reset-password-now,1
https://forbes.com/login,0
https://mail.stripe.com/blog,0
https://www.microsoft.com/features,0
http://139.6.244.185/account.php?cmd=login&session=abcdef,1
https://mail.forbes.com/login,0
http://139.209.98.145/update-billing,1
http://amazon.secure-hsbc-login.com/suspended-account-recover,1
https://mail.twitter.com/products,0
https://user@bankofamerica-update-billing.xyz/reset-password-now,1
http://free-iphone-8qmxet.top/confirm-identity,1
https://mail.stackoverflow.com/about,0
http://click-here-mpv5lm.info/free-gift-activate,1
http://230.58.24.108/update-billing,1
http://login-mbxek0-secure.ml/free-gift-activate,1
https://youtube.com/news,0
https://click-here-td3imz.info/?id=12345&ref=phish,1
https://ebay.com/help,0
https://mail.facebook.com/pricing,0
https://adobe.com/help,0
https://salesforce.com/support,0
http://click-here-l3khyf.info/reset-password-now,1
https://google.free-iphone-vy9rmj.top/free-gift-activate,1
https://app.paypal.com/signup,0
http://paypal-verify-account-uckqvi.com/confirm-identity,1
https://api.bbc.com/services,0
http://google.google-update-billing.xyz/suspended-account-recover,1
https://stackoverflow.com/signup,0
https://mail.amazon.com/help,0
https://mail.stripe.com/home,0
http://wellsfargo-security-alert.pw/confirm-identity,1
https://reddit.com/services,0
https://mail.google.com/news,0
https://mail.wikipedia.org/blog,0
http://paypal-verify-account-m0oaph.com/?id=12345&ref=phish,1
https://user@free-iphone-lt1rkq.top/free-gift-activate,1
https://www.netflix.com/help,0
https://api.cnn.com/faq,0
https://mail.microsoft.com/,0
https://api.forbes.com/home,0
http://account-suspended-98brzv.tk/verify-account,1
https://paypal-verify-account-unhu25.com/reset-password-now,1
https://mail.reddit.com/login,0
http://google.amazon-prize-winner-36mat2.cf/secure-login,1
https://www.adobe.com/blog,0
http://click-here-z6y3z1.info/secure-login,1
http://apple.bankofamerica-security-alert.pw/suspended-account-recover,1
https://www.stripe.com/products,0
https://api.netflix.com/home,0
https://app.wikipedia.org/help,0
https://api.facebook.com/home,0
https://facebook.com/help,0
http://login-9m94uz-secure.ml/update-billing,1
https://api.oracle.com/contact,0
https://app.microsoft.com/products,0
https://api.linkedin.com/news,0
https://mail.wikipedia.org/services,0
https://apple-update-billing.xyz/update-billing,1
http://215.186.211.178/account.php?cmd=login&session=abcdef,1
http://205.175.244.71/confirm-identity,1
http://user@verify-google-identity.gq/suspended-account-recover,1
http://paypal.chase-update-billing.xyz/win-prize-claim,1
https://53.99.146.171/update-billing,1
http://252.97.161.137/update-billing,1
https://login-y32hog-secure.ml/win-prize-claim,1
http://wikipedia.org/pricing,0
https://api.stackoverflow.com/about,0
https://mail.ebay.com/news,0
http://user@verify-chase-identity.gq/win-prize-claim,1
https://click-here-c98uzz.info/update-billing,1
http://paypal.bankofamerica-security-alert.pw/verify-account,1
https://165.240.203.159/confirm-identity,1
https://www.salesforce.com/news,0
http://account-suspended-xgsplt.tk/confirm-identity,1
https://mail.medium.com/faq,0
https://16.151.225.31/update-billing,1
https://app.facebook.com/faq,0
https://cnn.com/,0
https://app.ebay.com/faq,0
http://36.81.192.101/win-prize-claim,1
https://www.stripe.com/services,0
https://zoom.us/pricing,0
https://api.medium.com/,0
http://145.128.134.187/account.php?cmd=login&session=abcdef,1
https://app.netflix.com/blog,0
https://app.youtube.com/home,0
https://api.zoom.us/news,0
https://www.twitter.com/home,0
https://chase-update-billing.xyz/verify-account,1
http://cnn.com/news,0
https://account-suspended-t69a14.tk/free-gift-activate,1
https://api.twitter.com/faq,0
https://adobe.com/home,0
https://user@login-pitt8b-secure.ml/win-prize-claim,1
http://paypal-verify-account-thetkc.com/verify-account,1
https://app.reddit.com/login,0
https://amazon.free-iphone-hkgad7.top/confirm-identity,1
http://user@google-update-billing.xyz/win-prize-claim,1
http://citibank-update-billing.xyz/secure-login,1
https://mail.microsoft.com/features,0
https://secure-apple-login.com/verify-account,1
http://verify-paypal-identity.gq/win-prize-claim,1
https://github.com/blog,0
https://paypal.com/login,0
https://www.netflix.com/features,0
https://api.adobe.com/faq,0
https://apple-security-alert.pw/verify-account,1
https://paypal-update-billing.xyz/confirm-identity,1
https://mail.dropbox.com/products,0
https://stripe.com/help,0
http://100.183.222.134/update-billing,1
http://27.104.210.183/suspended-account-recover,1
https://app.adobe.com/products,0
https://app.ebay.com/features,0
https://www.forbes.com/faq,0
https://app.dropbox.com/home,0
http://google.login-miav1g-secure.ml/win-prize-claim,1
https://click-here-3w563b.info/?id=12345&ref=phish,1
https://82.232.43.14/?id=12345&ref=phish,1
https://mail.medium.com/faq,0
http://account-suspended-de74v6.tk/verify-account,1
http://66.174.109.241/update-billing,1
http://user@secure-amazon-login.com/suspended-account-recover,1
https://adobe.com/help,0
https://linkedin.com/features,0
http://amazon-security-alert.pw/account.php?cmd=login&session=abcdef,1
http://user@login-cihdiy-secure.ml/suspended-account-recover,1
http://67.203.206.72/confirm-identity,1
https://paypal-verify-account-2scejc.com/verify-account,1
https://www.adobe.com/faq,0
https://google.free-iphone-pvc9aq.top/verify-account,1
http://user@paypal-verify-account-qwf1vv.com/account.php?cmd=login&session=abcdef,1
https://183.141.240.148/?id=12345&ref=phish,1
https://slack.com/blog,0
https://app.github.com/services,0
http://amazon.verify-amazon-identity.gq/update-billing,1
https://mail.amazon.com/faq,0
https://api.stripe.com/contact,0
http://login-ch4fod-secure.ml/suspended-account-recover,1
https://amazon.amazon-prize-winner-m115bo.cf/confirm-identity,1
https://amazon.com/features,0
http://secure-google-login.com/update-billing,1
http://mail.youtube.com/contact,0
http://142.55.158.76/free-gift-activate,1
https://app.stripe.com/services,0
http://app.ebay.com/faq,0
http://user@amazon-update-billing.xyz/verify-account,1
https://amazon.com/pricing,0
https://app.netflix.com/contact,0
http://citibank-security-alert.pw/suspended-account-recover,1
https://api.cnn.com/pricing,0
http://225.61.96.116/verify-account,1
https://app.stackoverflow.com/support,0
https://amazon.com/about,0
http://account-suspended-n99lt3.tk/reset-password-now,1
https://api.reddit.com/faq,0
http://secure-apple-login.com/free-gift-activate,1
https://login-9gj4an-secure.ml/suspended-account-recover,1
https://mail.youtube.com/faq,0
https://amazon.login-8wp94p-secure.ml/reset-password-now,1
https://api.stripe.com/news,0
https://free-iphone-gx409w.top/win-prize-claim,1
https://mail.bbc.com/faq,0
http://click-here-h105os.info/free-gift-activate,1
https://click-here-9dj9ih.info/reset-password-now,1
http://login-wdcokz-secure.ml/win-prize-claim,1
https://mail.amazon.com/faq,0
https://mail.cnn.com/news,0
https://www.google.com/support,0
http://user@apple-security-alert.pw/?id=12345&ref=phish,1
https://mail.amazon.com/help,0
https://amazon-prize-winner-39vcyr.cf/win-prize-claim,1
http://microsoft-security-alert.pw/?id=12345&ref=phish,1
https://api.ebay.com/signup,0
https://api.twitter.com/news,0
http://paypal-verify-account-3ex5mh.com/free-gift-activate,1
http://click-here-g8v9zy.info/update-billing,1
https://www.twitter.com/blog,0
http://secure-apple-login.com/update-billing,1
https://www.bbc.com/features,0
https://verify-hsbc-identity.gq/free-gift-activate,1
https://app.github.com/home,0
http://login-pug99w-secure.ml/?id=12345&ref=phish,1
https://www.reddit.com/signup,0
http://apple.verify-wellsfargo-identity.gq/update-billing,1
https://api.paypal.com/support,0
https://api.paypal.com/faq,0
https://api.oracle.com/news,0
http://186.166.119.189/reset-password-now,1
http://verify-hsbc-identity.gq/account.php?cmd=login&session=abcdef,1
https://api.reddit.com/features,0
https://amazon.com/signup,0
https://microsoft.com/pricing,0
http://paypal-security-alert.pw/update-billing,1
http://paypal-verify-account-56r7wy.com/free-gift-activate,1
https://dropbox.com/about,0
http://bankofamerica-update-billing.xyz/confirm-identity,1
http://25.184.104.73/update-billing,1
http://click-here-qc6dr0.info/secure-login,1
https://app.salesforce.com/services,0
https://www.forbes.com/home,0
https://api.github.com/news,0
https://60.151.41.129/verify-account,1
https://api.forbes.com/signup,0
http://secure-microsoft-login.com/account.php?cmd=login&session=abcdef,1
https://verify-citibank-identity.gq/account.php?cmd=login&session=abcdef,1
https://secure-microsoft-login.com/suspended-account-recover,1
https://secure-wellsfargo-login.com/suspended-account-recover,1
https://amazon-prize-winner-bm3hxy.cf/reset-password-now,1
https://app.netflix.com/,0
http://hsbc-security-alert.pw/free-gift-activate,1
https://www.reddit.com/products,0
http://login-fax1cq-secure.ml/update-billing,1
http://verify-bankofamerica-identity.gq/reset-password-now,1
https://app.ebay.com/support,0
http://paypal-verify-account-ttj72u.com/update-billing,1
https://shopify.com/contact,0
https://api.wikipedia.org/home,0
http://app.cnn.com/login,0
http://wikipedia.org/contact,0
https://app.medium.com/,0
http://237.153.192.78/reset-password-now,1
https://mail.oracle.com/services,0
https://app.youtube.com/contact,0
http://login-204j3m-secure.ml/confirm-identity,1
https://stackoverflow.com/login,0
http://api.dropbox.com/contact,0
https://app.adobe.com/news,0
https://google.com/products,0
https://bbc.com/home,0
https://app.cnn.com/login,0
https://facebook.com/about,0
https://api.medium.com/help,0
http://amazon.verify-apple-identity.gq/?id=12345&ref=phish,1
https://app.google.com/signup,0
http://secure-google-login.com/?id=12345&ref=phish,1
http://app.nytimes.com/,0
https://www.dropbox.com/signup,0
http://mail.google.com/pricing,0
https://api.facebook.com/faq,0
http://78.9.166.167/secure-login,1
https://paypal.login-31yuw2-secure.ml/?id=12345&ref=phish,1
https://mail.reddit.com/,0
https://mail.youtube.com/products,0
http://verify-chase-identity.gq/confirm-identity,1
https://paypal.click-here-ae1igc.info/account.php?cmd=login&session=abcdef,1
https://www.google.com/,0
http://108.146.50.107/reset-password-now,1
https://app.shopify.com/signup,0
https://paypal-verify-account-xgfvnn.com/account.php?cmd=login&session=abcdef,1
http://chase-update-billing.xyz/confirm-identity,1
https://www.paypal.com/blog,0
http://paypal-verify-account-ulzzix.com/account.php?cmd=login&session=abcdef,1
http://amazon.citibank-update-billing.xyz/reset-password-now,1
http://www.bbc.com/contact,0
http://login-r78l1m-secure.ml/free-gift-activate,1
https://api.salesforce.com/faq,0
http://app.salesforce.com/about,0
https://app.linkedin.com/news,0
https://www.cnn.com/products,0
https://mail.stackoverflow.com/support,0
https://www.zoom.us/services,0
https://www.slack.com/about,0
http://api.forbes.com/pricing,0
https://api.adobe.com/features,0
https://ebay.com/services,0
https://nytimes.com/services,0
http://www.medium.com/about,0
http://account-suspended-2wqqpw.tk/secure-login,1
https://api.slack.com/help,0
https://slack.com/blog,0
https://app.oracle.com/faq,0
http://citibank-security-alert.pw/update-billing,1
https://api.amazon.com/services,0
http://amazon-prize-winner-8dmlc8.cf/reset-password-now,1
http://login-j0076e-secure.ml/reset-password-now,1
http://app.amazon.com/news,0
http://128.79.123.231/reset-password-now,1
http://google-update-billing.xyz/suspended-account-recover,1
http://user@verify-bankofamerica-identity.gq/win-prize-claim,1
http://amazon.apple-update-billing.xyz/reset-password-now,1
https://www.dropbox.com/news,0
https://www.microsoft.com/services,0
http://paypal.paypal-verify-account-1r601e.com/reset-password-now,1
https://nytimes.com/,0
https://free-iphone-ahcua0.top/win-prize-claim,1
https://user@click-here-cy3m84.info/verify-account,1
http://login-w0pn52-secure.ml/account.php?cmd=login&session=abcdef,1
http://apple.click-here-0i99n7.info/?id=12345&ref=phish,1
https://user@amazon-security-alert.pw/win-prize-claim,1
http://211.152.50.180/reset-password-now,1
https://paypal.com/products,0
http://login-ekwh1m-secure.ml/free-gift-activate,1
https://mail.twitter.com/services,0
https://verify-wellsfargo-identity.gq/update-billing,1
https://account-suspended-8t6rwa.tk/free-gift-activate,1
http://58.108.170.144/update-billing,1
http://amazon-prize-winner-6wqfk6.cf/account.php?cmd=login&session=abcdef,1
https://app.bbc.com/about,0
https://app.stackoverflow.com/features,0
http://122.9.72.112/suspended-account-recover,1
http://app.nytimes.com/news,0
http://verify-microsoft-identity.gq/confirm-identity,1
http://account-suspended-myz9vl.tk/account.php?cmd=login&session=abcdef,1
https://app.netflix.com/login,0
https://shopify.com/pricing,0
https://14.240.154.251/free-gift-activate,1
https://shopify.com/pricing,0
https://paypal.account-suspended-kfl5xf.tk/secure-login,1
https://user@account-suspended-65afu2.tk/account.php?cmd=login&session=abcdef,1
https://api.facebook.com/services,0
https://amazon-prize-winner-tylvvl.cf/secure-login,1
https://www.paypal.com/help,0
http://secure-paypal-login.com/suspended-account-recover,1
https://api.shopify.com/blog,0
https://app.linkedin.com/services,0
http://secure-microsoft-login.com/free-gift-activate,1
http://facebook.com/products,0
https://free-iphone-c72bm2.top/win-prize-claim,1
https://api.facebook.com/signup,0
https://mail.google.com/support,0
http://slack.com/support,0
http://free-iphone-4c6lbp.top/reset-password-now,1
https://mail.stackoverflow.com/contact,0
https://slack.com/features,0
http://apple.paypal-verify-account-c2bvpd.com/verify-account,1
https://api.forbes.com/pricing,0
https://api.linkedin.com/login,0
https://115.139.250.42/suspended-account-recover,1
http://amazon-prize-winner-zc0mva.cf/free-gift-activate,1
https://google-security-alert.pw/free-gift-activate,1
http://free-iphone-9l0ijk.top/secure-login,1
http://account-suspended-248f3v.tk/reset-password-now,1
http://verify-microsoft-identity.gq/account.php?cmd=login&session=abcdef,1
http://mail.google.com/blog,0
http://app.facebook.com/home,0
http://free-iphone-0eraxp.top/suspended-account-recover,1
https://api.github.com/news,0
http://click-here-q36zpm.info/update-billing,1
https://mail.microsoft.com/services,0
http://verify-paypal-identity.gq/confirm-identity,1
https://adobe.com/login,0
https://mail.forbes.com/features,0
https://paypal-verify-account-plfe19.com/verify-account,1
https://click-here-71w1wu.info/secure-login,1
https://api.stackoverflow.com/signup,0
http://secure-bankofamerica-login.com/verify-account,1
https://app.stackoverflow.com/login,0
https://www.bbc.com/about,0
https://www.google.com/products,0
http://88.124.9.134/suspended-account-recover,1
https://login-c60cjb-secure.ml/suspended-account-recover,1
https://api.google.com/home,0
https://251.64.254.211/reset-password-now,1
https://citibank-security-alert.pw/win-prize-claim,1
https://app.apple.com/,0
http://user@account-suspended-3kr3kv.tk/free-gift-activate,1
https://api.youtube.com/help,0
https://google-update-billing.xyz/reset-password-now,1
https://www.zoom.us/pricing,0
https://api.facebook.com/contact,0
https://mail.apple.com/home,0
https://api.zoom.us/blog,0
https://verify-apple-identity.gq/confirm-identity,1
http://bankofamerica-update-billing.xyz/reset-password-now,1
http://google.account-suspended-fjgbvy.tk/win-prize-claim,1
https://mail.youtube.com/signup,0
https://app.cnn.com/login,0
http://250.68.226.20/free-gift-activate,1
http://verify-apple-identity.gq/?id=12345&ref=phish,1
https://app.github.com/news,0
https://twitter.com/about,0
http://208.173.193.249/?id=12345&ref=phish,1
https://www.forbes.com/signup,0
http://www.adobe.com/pricing,0
http://hsbc-update-billing.xyz/reset-password-now,1
https://api.amazon.com/login,0
http://account-suspended-7q9vju.tk/confirm-identity,1
https://api.medium.com/pricing,0
https://api.zoom.us/help,0
https://cnn.com/news,0
https://app.cnn.com/faq,0
https://wikipedia.org/services,0
https://api.slack.com/news,0
https://mail.youtube.com/signup,0
https://8.142.177.132/secure-login,1
http://apple.click-here-anhapy.info/secure-login,1
https://www.apple.com/products,0
http://amazon-prize-winner-2gdgkx.cf/secure-login,1
http://apple.verify-wellsfargo-identity.gq/account.php?cmd=login&session=abcdef,1
https://amazon.login-dqp1hk-secure.ml/update-billing,1
https://mail.youtube.com/news,0
http://apple-update-billing.xyz/suspended-account-recover,1
http://apple.account-suspended-dugaaz.tk/win-prize-claim,1
http://user@verify-google-identity.gq/free-gift-activate,1
https://verify-amazon-identity.gq/?id=12345&ref=phish,1
https://twitter.com/blog,0
http://api.ebay.com/signup,0
https://mail.forbes.com/,0
https://194.54.31.241/account.php?cmd=login&session=abcdef,1
https://mail.paypal.com/contact,0
https://login-z99106-secure.ml/verify-account,1
https://api.adobe.com/contact,0
https://salesforce.com/blog,0
https://wikipedia.org/contact,0
https://app.apple.com/about,0
http://verify-bankofamerica-identity.gq/free-gift-activate,1
https://app.dropbox.com/about,0
https://microsoft-update-billing.xyz/secure-login,1
https://wikipedia.org/blog,0
http://click-here-2xcb3y.info/secure-login,1
http://paypal.login-isb836-secure.ml/confirm-identity,1
https://google.citibank-security-alert.pw/free-gift-activate,1
http://hsbc-security-alert.pw/win-prize-claim,1
https://mail.salesforce.com/contact,0
http://paypal-verify-account-euz9qj.com/account.php?cmd=login&session=abcdef,1
https://www.amazon.com/features,0
http://app.forbes.com/services,0
http://verify-citibank-identity.gq/secure-login,1
http://login-wjj0v6-secure.ml/update-billing,1
https://oracle.com/news,0
https://app.netflix.com/services,0
https://api.forbes.com/home,0
https://182.120.150.139/free-gift-activate,1
https://twitter.com/signup,0
http://click-here-kbcbdp.info/secure-login,1
http://user@bankofamerica-security-alert.pw/win-prize-claim,1
http://secure-paypal-login.com/account.php?cmd=login&session=abcdef,1
https://user@verify-bankofamerica-identity.gq/verify-account,1
https://www.linkedin.com/faq,0
https://www.microsoft.com/help,0
http://free-iphone-zgyd49.top/win-prize-claim,1
https://api.netflix.com/about,0
https://paypal.com/products,0
http://secure-microsoft-login.com/verify-account,1
http://login-oi4swh-secure.ml/account.php?cmd=login&session=abcdef,1
http://paypal-verify-account-vae1is.com/suspended-account-recover,1
http://verify-apple-identity.gq/account.php?cmd=login&session=abcdef,1
https://app.facebook.com/help,0
http://secure-paypal-login.com/reset-password-now,1
https://mail.linkedin.com/faq,0
http://amazon.secure-microsoft-login.com/?id=12345&ref=phish,1
https://mail.twitter.com/pricing,0
http://amazon-prize-winner-tcg06x.cf/free-gift-activate,1
https://app.stackoverflow.com/signup,0
https://paypal-verify-account-w8p74m.com/reset-password-now,1
http://user@amazon-prize-winner-1vm3i0.cf/update-billing,1
https://api.apple.com/home,0
https://mail.adobe.com/services,0
http://paypal.click-here-os58yo.info/update-billing,1
https://zoom.us/services,0
https://mail.cnn.com/about,0
http://amazon-prize-winner-17vf0j.cf/free-gift-activate,1
http://apple-security-alert.pw/?id=12345&ref=phish,1
https://oracle.com/login,0
https://login-lys7jd-secure.ml/update-billing,1
https://login-8jv7oj-secure.ml/suspended-account-recover,1
http://login-n7byvf-secure.ml/win-prize-claim,1
https://amazon-prize-winner-8g8hzm.cf/account.php?cmd=login&session=abcdef,1
http://api.slack.com/,0
http://paypal-verify-account-2o25tg.com/verify-account,1
https://app.amazon.com/contact,0
http://google.amazon-prize-winner-jq44g2.cf/verify-account,1
https://api.slack.com/signup,0
http://amazon.account-suspended-rfiupr.tk/win-prize-claim,1
https://secure-bankofamerica-login.com/verify-account,1
https://mail.cnn.com/faq,0
https://api.nytimes.com/signup,0
https://verify-paypal-identity.gq/win-prize-claim,1
http://245.205.145.248/secure-login,1
https://mail.ebay.com/products,0
http://login-42oi6o-secure.ml/verify-account,1
https://apple.microsoft-update-billing.xyz/secure-login,1
http://account-suspended-mie22t.tk/confirm-identity,1
http://login-f00ter-secure.ml/reset-password-now,1
https://mail.nytimes.com/services,0
http://paypal-update-billing.xyz/secure-login,1
http://mail.github.com/pricing,0
https://paypal-verify-account-kwdhx5.com/account.php?cmd=login&session=abcdef,1
https://mail.ebay.com/pricing,0
https://oracle.com/faq,0
https://user@account-suspended-nbw8sj.tk/?id=12345&ref=phish,1
https://shopify.com/,0
http://242.115.227.36/reset-password-now,1
https://77.171.247.36/verify-account,1
http://click-here-owtk4k.info/suspended-account-recover,1
https://facebook.com/faq,0
https://mail.stackoverflow.com/support,0
http://click-here-6qe7aj.info/?id=12345&ref=phish,1
https://app.stackoverflow.com/contact,0
http://user@wellsfargo-update-billing.xyz/account.php?cmd=login&session=abcdef,1
http://account-suspended-lurqbd.tk/free-gift-activate,1
https://api.linkedin.com/login,0
https://59.34.33.221/win-prize-claim,1
http://13.193.198.87/win-prize-claim,1
https://app.amazon.com/help,0
http://amazon.amazon-prize-winner-2fmr0t.cf/reset-password-now,1
https://amazon-prize-winner-jalbh1.cf/win-prize-claim,1
http://apple.wellsfargo-update-billing.xyz/secure-login,1
https://citibank-update-billing.xyz/confirm-identity,1
https://amazon.google-update-billing.xyz/free-gift-activate,1
http://verify-bankofamerica-identity.gq/update-billing,1
https://twitter.com/faq,0
https://www.netflix.com/signup,0
http://google.amazon-prize-winner-4h4kft.cf/secure-login,1
https://api.dropbox.com/products,0
http://hsbc-security-alert.pw/reset-password-now,1
https://www.ebay.com/support,0
http://chase-update-billing.xyz/account.php?cmd=login&session=abcdef,1
https://stackoverflow.com/features,0
https://www.slack.com/about,0
https://api.twitter.com/signup,0
https://click-here-fblpvr.info/confirm-identity,1
https://google.paypal-verify-account-1kubjj.com/reset-password-now,1
https://oracle.com/help,0
https://app.facebook.com/news,0
https://nytimes.com/faq,0
http://bankofamerica-security-alert.pw/suspended-account-recover,1
https://api.stripe.com/blog,0
https://login-9khh83-secure.ml/confirm-identity,1
https://mail.github.com/help,0
https://api.forbes.com/login,0
https://mail.youtube.com/products,0
https://www.microsoft.com/products,0
https://chase-security-alert.pw/?id=12345&ref=phish,1
http://login-ujefub-secure.ml/update-billing,1
https://www.amazon.com/blog,0
https://mail.linkedin.com/blog,0
https://app.salesforce.com/contact,0
http://app.wikipedia.org/news,0
http://apple-update-billing.xyz/win-prize-claim,1
http://login-kv4lq1-secure.ml/?id=12345&ref=phish,1
https://www.medium.com/login,0
http://amazon-prize-winner-gevokq.cf/update-billing,1
http://amazon-prize-winner-d3fvnv.cf/verify-account,1
https://app.facebook.com/help,0
http://free-iphone-qb5i92.top/reset-password-now,1
https://www.paypal.com/,0
https://173.124.85.210/update-billing,1
https://www.amazon.com/,0
https://app.github.com/help,0
https://api.github.com/help,0
http://user@amazon-prize-winner-ofqt49.cf/free-gift-activate,1
https://mail.facebook.com/about,0
https://stackoverflow.com/news,0
https://mail.amazon.com/contact,0
https://api.netflix.com/services,0
http://apple.chase-update-billing.xyz/verify-account,1
https://api.microsoft.com/blog,0
http://amazon-prize-winner-qc3xnc.cf/confirm-identity,1
https://71.253.5.195/suspended-account-recover,1
https://secure-chase-login.com/verify-account,1
http://github.com/help,0
http://amazon-prize-winner-aqhknq.cf/reset-password-now,1
https://app.ebay.com/blog,0
https://app.slack.com/pricing,0
https://google.hsbc-update-billing.xyz/account.php?cmd=login&session=abcdef,1
https://mail.stripe.com/features,0
https://140.7.223.19/free-gift-activate,1
https://facebook.com/features,0
https://mail.zoom.us/support,0
https://secure-paypal-login.com/win-prize-claim,1
https://api.oracle.com/home,0
https://api.reddit.com/pricing,0
http://free-iphone-80tij7.top/reset-password-now,1
https://app.salesforce.com/home,0
https://secure-apple-login.com/confirm-identity,1
http://apple.secure-apple-login.com/?id=12345&ref=phish,1
https://mail.facebook.com/blog,0
http://chase-update-billing.xyz/confirm-identity,1
http://click-here-1a5ugx.info/verify-account,1
https://login-yrdirl-secure.ml/?id=12345&ref=phish,1
https://paypal-security-alert.pw/account.php?cmd=login&session=abcdef,1
http://186.231.208.95/win-prize-claim,1
https://nytimes.com/faq,0
http://account-suspended-5p3fk8.tk/account.php?cmd=login&session=abcdef,1
https://api.nytimes.com/home,0
http://www.ebay.com/products,0
http://www.ebay.com/signup,0
https://www.salesforce.com/help,0
http://login-llp0nf-secure.ml/secure-login,1
https://api.forbes.com/features,0
https://www.amazon.com/faq,0
https://api.oracle.com/about,0
https://apple.free-iphone-8mnqpv.top/win-prize-claim,1
https://login-xyo6hf-secure.ml/secure-login,1
https://mail.zoom.us/contact,0
https://www.netflix.com/services,0
https://api.bbc.com/about,0
https://apple.account-suspended-3o0sw5.tk/?id=12345&ref=phish,1
https://free-iphone-tp37v7.top/reset-password-now,1
http://249.111.104.145/confirm-identity,1
https://google.login-mwa6tj-secure.ml/reset-password-now,1
http://user@verify-microsoft-identity.gq/confirm-identity,1
https://app.apple.com/contact,0
https://mail.oracle.com/about,0
https://zoom.us/faq,0
http://www.oracle.com/features,0
http://user@paypal-verify-account-ipicer.com/confirm-identity,1
https://amazon.amazon-prize-winner-ctzrbz.cf/confirm-identity,1
https://api.bbc.com/signup,0
http://apple-security-alert.pw/secure-login,1
https://free-iphone-jy6reg.top/update-billing,1
https://www.shopify.com/signup,0
https://paypal-verify-account-xq46ga.com/?id=12345&ref=phish,1
http://click-here-lo4qdb.info/confirm-identity,1
https://app.linkedin.com/products,0
https://app.microsoft.com/contact,0
https://click-here-493685.info/secure-login,1
https://251.32.130.77/reset-password-now,1
https://www.microsoft.com/help,0
https://api.oracle.com/login,0
https://shopify.com/support,0
https://api.zoom.us/products,0
http://free-iphone-8jxlfi.top/account.php?cmd=login&session=abcdef,1
https://free-iphone-0xsm9g.top/suspended-account-recover,1
https://reddit.com/products,0
https://mail.apple.com/contact,0
http://login-ddzv7t-secure.ml/secure-login,1
http://click-here-pltxu3.info/verify-account,1
https://api.facebook.com/login,0
http://account-suspended-kli7v1.tk/free-gift-activate,1
https://app.nytimes.com/support,0
http://206.28.191.239/confirm-identity,1
https://api.youtube.com/help,0
http://paypal.verify-google-identity.gq/verify-account,1
https://api.zoom.us/login,0
http://google.amazon-prize-winner-vyf2zq.cf/win-prize-claim,1
http://secure-bankofamerica-login.com/reset-password-now,1
http://free-iphone-8wmlww.top/account.php?cmd=login&session=abcdef,1
https://mail.wikipedia.org/contact,0
https://app.wikipedia.org/blog,0
https://paypal.com/login,0
https://amazon.secure-bankofamerica-login.com/verify-account,1
http://twitter.com/support,0
https://facebook.com/contact,0
https://api.nytimes.com/,0
https://google.com/contact,0
https://api.zoom.us/signup,0
https://www.facebook.com/features,0
http://19.154.95.216/free-gift-activate,1
http://paypal-verify-account-k5b8u8.com/confirm-identity,1
http://paypal-verify-account-mgjvc2.com/?id=12345&ref=phish,1
http://bankofamerica-update-billing.xyz/update-billing,1
http://paypal.click-here-dakxvx.info/verify-account,1
http://verify-microsoft-identity.gq/reset-password-now,1
http://7.85.8.228/reset-password-now,1
https://twitter.com/contact,0
https://mail.linkedin.com/pricing,0
https://secure-google-login.com/update-billing,1
https://cnn.com/support,0
http://151.56.154.125/secure-login,1
https://mail.stackoverflow.com/home,0
http://paypal-verify-account-n9i9h0.com/secure-login,1
http://user@click-here-otn9uz.info/secure-login,1
http://click-here-yda9al.info/reset-password-now,1
http://paypal-verify-account-izhw0v.com/free-gift-activate,1
https://slack.com/about,0
https://mail.reddit.com/services,0
https://mail.wikipedia.org/services,0
http://paypal-verify-account-jz0ifr.com/suspended-account-recover,1
http://click-here-srw2md.info/update-billing,1
http://google.verify-amazon-identity.gq/suspended-account-recover,1
http://user@click-here-30tj2t.info/win-prize-claim,1
https://mail.wikipedia.org/about,0
https://www.dropbox.com/features,0
https://www.nytimes.com/products,0
https://api.reddit.com/services,0
http://free-iphone-6m9bju.top/secure-login,1
https://adobe.com/blog,0
http://free-iphone-kwonrr.top/suspended-account-recover,1
https://amazon-update-billing.xyz/confirm-identity,1
http://google.paypal-security-alert.pw/?id=12345&ref=phish,1
https://api.reddit.com/features,0
https://api.stackoverflow.com/support,0
https://mail.youtube.com/contact,0
http://amazon-update-billing.xyz/?id=12345&ref=phish,1
https://app.twitter.com/blog,0
https://reddit.com/blog,0
https://mail.nytimes.com/help,0
http://paypal-verify-account-59tsuj.com/?id=12345&ref=phish,1
https://mail.youtube.com/features,0
https://www.zoom.us/login,0
http://amazon-security-alert.pw/reset-password-now,1
http://50.58.9.105/win-prize-claim,1
https://api.zoom.us/services,0
http://user@verify-wellsfargo-identity.gq/reset-password-now,1
https://www.twitter.com/blog,0
http://secure-citibank-login.com/win-prize-claim,1
https://paypal-verify-account-wlgje2.com/verify-account,1
http://81.20.66.82/win-prize-claim,1
https://mail.linkedin.com/pricing,0
http://user@login-ufrckq-secure.ml/confirm-identity,1
https://app.netflix.com/products,0
https://login-f9899f-secure.ml/update-billing,1
https://zoom.us/login,0
https://api.amazon.com/contact,0
http://google.bankofamerica-security-alert.pw/?id=12345&ref=phish,1
http://citibank-update-billing.xyz/?id=12345&ref=phish,1
https://mail.salesforce.com/contact,0
http://paypal.account-suspended-r3nk8p.tk/free-gift-activate,1
https://api.zoom.us/blog,0
https://api.paypal.com/news,0
https://www.ebay.com/news,0
https://api.ebay.com/products,0
https://amazon.login-z8k7zo-secure.ml/reset-password-now,1
https://api.wikipedia.org/login,0
https://paypal-verify-account-m1fmpr.com/update-billing,1
https://www.amazon.com/,0
https://app.twitter.com/services,0
https://mail.twitter.com/support,0
https://www.stripe.com/news,0
https://www.netflix.com/contact,0
http://google-update-billing.xyz/suspended-account-recover,1
https://apple.account-suspended-ehc2yi.tk/?id=12345&ref=phish,1
http://google-update-billing.xyz/verify-account,1
https://api.amazon.com/support,0
https://app.twitter.com/features,0
https://www.stripe.com/about,0
https://verify-hsbc-identity.gq/confirm-identity,1
http://account-suspended-q1cged.tk/verify-account,1
https://apple.com/faq,0
https://api.dropbox.com/services,0
http://user@login-e4hs0l-secure.ml/?id=12345&ref=phish,1
https://app.google.com/support,0
http://account-suspended-vv7fin.tk/verify-account,1
https://app.salesforce.com/,0
http://verify-hsbc-identity.gq/secure-login,1
https://app.apple.com/support,0
https://api.nytimes.com/faq,0
https://50.7.185.152/free-gift-activate,1
https://wikipedia.org/login,0
https://amazon-prize-winner-6ek6x6.cf/suspended-account-recover,1
https://youtube.com/news,0
https://www.linkedin.com/about,0
http://secure-wellsfargo-login.com/?id=12345&ref=phish,1
http://click-here-w69hzg.info/win-prize-claim,1
http://amazon-prize-winner-33dzqq.cf/secure-login,1
http://user@amazon-prize-winner-y1kcve.cf/suspended-account-recover,1
http://user@paypal-verify-account-2emayb.com/suspended-account-recover,1
https://app.wikipedia.org/help,0
http://google-security-alert.pw/reset-password-now,1
https://www.reddit.com/about,0
https://wellsfargo-security-alert.pw/verify-account,1
https://nytimes.com/about,0
https://mail.oracle.com/faq,0
https://app.github.com/services,0
https://www.medium.com/home,0
https://www.wikipedia.org/about,0
https://app.amazon.com/signup,0
https://paypal.free-iphone-lvc35t.top/verify-account,1
http://click-here-b1zppe.info/free-gift-activate,1
https://mail.stackoverflow.com/contact,0
http://chase-security-alert.pw/update-billing,1
http://hsbc-update-billing.xyz/secure-login,1
https://mail.netflix.com/faq,0
http://bankofamerica-update-billing.xyz/win-prize-claim,1
https://api.salesforce.com/support,0
https://www.linkedin.com/signup,0
http://verify-chase-identity.gq/suspended-account-recover,1
http://amazon.login-dm1vl7-secure.ml/account.php?cmd=login&session=abcdef,1
http://www.stackoverflow.com/help,0
https://verify-paypal-identity.gq/suspended-account-recover,1
https://mail.youtube.com/signup,0
http://www.amazon.com/blog,0
https://mail.cnn.com/support,0
https://127.52.240.117/update-billing,1
http://bankofamerica-security-alert.pw/reset-password-now,1
https://mail.ebay.com/support,0
http://amazon-prize-winner-fdfhj0.cf/free-gift-activate,1
https://www.google.com/products,0
https://app.youtube.com/home,0
http://app.paypal.com/home,0
http://login-qjinh1-secure.ml/reset-password-now,1
http://bankofamerica-security-alert.pw/update-billing,1
https://api.linkedin.com/faq,0
https://twitter.com/help,0
http://click-here-7jqoq0.info/update-billing,1
http://login-8xkv4v-secure.ml/?id=12345&ref=phish,1
http://verify-bankofamerica-identity.gq/win-prize-claim,1
http://paypal.login-e0oawh-secure.ml/suspended-account-recover,1
http://hsbc-update-billing.xyz/suspended-account-recover,1
https://app.shopify.com/help,0
https://app.wikipedia.org/pricing,0
http://verify-amazon-identity.gq/?id=12345&ref=phish,1
http://user@click-here-qcnf9w.info/secure-login,1
https://mail.forbes.com/about,0
http://user@login-q12jf4-secure.ml/verify-account,1
http://143.178.193.60/update-billing,1
http://95.235.65.129/account.php?cmd=login&session=abcdef,1
https://www.zoom.us/pricing,0
https://mail.wikipedia.org/contact,0
http://apple-security-alert.pw/win-prize-claim,1
http://free-iphone-x3qfxm.top/confirm-identity,1
https://mail.slack.com/faq,0
http://click-here-dl25b7.info/reset-password-now,1
http://secure-chase-login.com/update-billing,1
http://secure-wellsfargo-login.com/free-gift-activate,1
http://api.youtube.com/support,0
https://www.twitter.com/about,0
https://ebay.com/,0
https://mail.facebook.com/blog,0
https://api.cnn.com/home,0
http://login-wqyt39-secure.ml/account.php?cmd=login&session=abcdef,1
https://app.zoom.us/signup,0
https://facebook.com/blog,0
https://adobe.com/home,0
https://nytimes.com/contact,0
http://paypal-verify-account-41ofv1.com/?id=12345&ref=phish,1
http://amazon-prize-winner-dvws3k.cf/secure-login,1
https://www.apple.com/products,0
https://amazon.free-iphone-yggafd.top/free-gift-activate,1
https://www.reddit.com/services,0
https://mail.youtube.com/products,0
http://chase-update-billing.xyz/reset-password-now,1
https://app.apple.com/contact,0
https://app.youtube.com/pricing,0
http://user@login-7u1p8o-secure.ml/?id=12345&ref=phish,1
http://click-here-howq1g.info/verify-account,1
https://app.paypal.com/,0
http://apple.free-iphone-wj85gg.top/account.php?cmd=login&session=abcdef,1
https://www.amazon.com/,0
http://78.122.254.223/account.php?cmd=login&session=abcdef,1
https://www.adobe.com/signup,0
https://app.stripe.com/contact,0
https://app.forbes.com/blog,0
https://apple.free-iphone-t007pc.top/update-billing,1
http://hsbc-update-billing.xyz/?id=12345&ref=phish,1
https://app.stripe.com/signup,0
https://app.stackoverflow.com/home,0
https://app.dropbox.com/pricing,0
http://bbc.com/about,0
https://mail.bbc.com/login,0
https://amazon.click-here-zf4lur.info/verify-account,1
http://user@login-6pfmci-secure.ml/update-billing,1
https://www.salesforce.com/about,0
https://netflix.com/signup,0
https://user@login-szpf9s-secure.ml/update-billing,1
https://secure-amazon-login.com/suspended-account-recover,1
https://api.apple.com/blog,0
http://verify-chase-identity.gq/free-gift-activate,1
https://www.cnn.com/features,0
http://1.142.201.153/account.php?cmd=login&session=abcdef,1
http://secure-hsbc-login.com/confirm-identity,1
http://account-suspended-oar4g5.tk/account.php?cmd=login&session=abcdef,1
https://paypal.login-548fhb-secure.ml/free-gift-activate,1
https://linkedin.com/products,0
http://click-here-5n18by.info/win-prize-claim,1
https://api.zoom.us/contact,0
https://google.chase-update-billing.xyz/confirm-identity,1
https://app.twitter.com/services,0
https://6.158.195.230/account.php?cmd=login&session=abcdef,1
https://bbc.com/support,0
http://click-here-8qdb9b.info/update-billing,1
http://secure-bankofamerica-login.com/confirm-identity,1
https://paypal-verify-account-xoiot8.com/free-gift-activate,1
https://app.adobe.com/services,0
http://google.google-security-alert.pw/verify-account,1
https://user@free-iphone-zadwaj.top/update-billing,1
https://www.bbc.com/help,0
http://63.204.124.54/win-prize-claim,1
https://mail.amazon.com/support,0
http://219.206.65.100/suspended-account-recover,1
http://paypal.verify-citibank-identity.gq/account.php?cmd=login&session=abcdef,1
http://206.236.179.120/free-gift-activate,1
https://amazon.com/blog,0
https://www.amazon.com/signup,0
https://app.salesforce.com/contact,0
https://click-here-25vw9y.info/free-gift-activate,1
http://secure-amazon-login.com/account.php?cmd=login&session=abcdef,1
http://free-iphone-8k0hf3.top/account.php?cmd=login&session=abcdef,1
http://secure-citibank-login.com/suspended-account-recover,1
http://wellsfargo-security-alert.pw/win-prize-claim,1
https://app.wikipedia.org/contact,0
https://account-suspended-k22xmq.tk/verify-account,1
https://api.amazon.com/features,0
https://app.paypal.com/home,0
http://app.reddit.com/blog,0
https://paypal-verify-account-53x1f8.com/?id=12345&ref=phish,1
https://app.github.com/support,0
https://www.apple.com/blog,0
http://223.214.143.138/update-billing,1
https://api.shopify.com/blog,0
https://mail.github.com/pricing,0
https://secure-chase-login.com/suspended-account-recover,1
https://stripe.com/features,0
https://app.netflix.com/pricing,0
https://app.amazon.com/help,0
http://paypal-verify-account-lx1q8f.com/account.php?cmd=login&session=abcdef,1
http://verify-wellsfargo-identity.gq/verify-account,1
http://amazon-prize-winner-bvlxui.cf/confirm-identity,1
https://mail.dropbox.com/faq,0
http://medium.com/services,0
https://app.netflix.com/features,0
https://www.medium.com/,0
http://paypal-verify-account-jtr0m6.com/confirm-identity,1
https://github.com/blog,0
https://amazon-prize-winner-gbivsc.cf/account.php?cmd=login&session=abcdef,1
https://user@wellsfargo-security-alert.pw/win-prize-claim,1
https://app.cnn.com/login,0
https://amazon-prize-winner-j3yc6w.cf/free-gift-activate,1
http://verify-chase-identity.gq/suspended-account-recover,1
https://mail.amazon.com/pricing,0
https://app.netflix.com/products,0
https://amazon-prize-winner-bkawyb.cf/secure-login,1
https://free-iphone-ln6bgu.top/verify-account,1
https://www.dropbox.com/contact,0
http://user@paypal-verify-account-8k9vak.com/account.php?cmd=login&session=abcdef,1
https://account-suspended-holi54.tk/secure-login,1
https://user@secure-bankofamerica-login.com/suspended-account-recover,1
http://account-suspended-j3okek.tk/?id=12345&ref=phish,1
https://www.google.com/pricing,0
http://secure-google-login.com/verify-account,1
https://account-suspended-3dzxlr.tk/update-billing,1
https://api.nytimes.com/products,0
http://user@amazon-prize-winner-rs82gj.cf/update-billing,1
https://medium.com/faq,0
https://user@amazon-prize-winner-hysvku.cf/secure-login,1
https://mail.google.com/home,0
https://user@paypal-verify-account-amkoh1.com/suspended-account-recover,1
https://google-update-billing.xyz/?id=12345&ref=phish,1
https://amazon-prize-winner-3174gu.cf/confirm-identity,1
http://www.stackoverflow.com/signup,0
https://223.179.103.186/suspended-account-recover,1
https://www.wikipedia.org/contact,0
http://wellsfargo-update-billing.xyz/?id=12345&ref=phish,1
https://mail.bbc.com/features,0
https://shopify.com/signup,0
https://www.shopify.com/faq,0
https://api.netflix.com/pricing,0
http://48.212.199.175/verify-account,1
https://www.cnn.com/blog,0
https://secure-bankofamerica-login.com/suspended-account-recover,1
https://secure-amazon-login.com/secure-login,1
https://api.apple.com/blog,0
https://user@login-8ch3z3-secure.ml/secure-login,1
https://app.microsoft.com/services,0
http://microsoft-update-billing.xyz/free-gift-activate,1
http://paypal-update-billing.xyz/suspended-account-recover,1
https://mail.facebook.com/news,0
https://api.youtube.com/pricing,0
https://mail.amazon.com/services,0
http://236.97.97.175/account.php?cmd=login&session=abcdef,1
https://app.cnn.com/blog,0
http://app.bbc.com/login,0
https://paypal-verify-account-0q6ulh.com/reset-password-now,1
https://www.paypal.com/signup,0
https://mail.twitter.com/services,0
http://251.238.52.157/reset-password-now,1
https://apple.com/help,0
https://api.google.com/login,0
http://login-6xlyjm-secure.ml/verify-account,1
https://verify-wellsfargo-identity.gq/win-prize-claim,1
http://secure-microsoft-login.com/update-billing,1
http://verify-citibank-identity.gq/?id=12345&ref=phish,1
https://www.facebook.com/products,0
https://app.facebook.com/help,0
http://paypal.amazon-prize-winner-j76biv.cf/confirm-identity,1
https://shopify.com/faq,0
http://zoom.us/home,0
http://bankofamerica-security-alert.pw/update-billing,1
https://www.zoom.us/products,0
https://app.apple.com/pricing,0
https://app.zoom.us/pricing,0
https://api.microsoft.com/blog,0
http://paypal-security-alert.pw/confirm-identity,1
https://twitter.com/services,0
https://mail.adobe.com/support,0
http://amazon.login-i4epxr-secure.ml/secure-login,1
https://amazon-security-alert.pw/suspended-account-recover,1
https://free-iphone-6t0otg.top/free-gift-activate,1
http://amazon.paypal-verify-account-i9oinu.com/reset-password-now,1
https://mail.dropbox.com/about,0
https://amazon-prize-winner-gwjx3b.cf/confirm-identity,1
https://api.forbes.com/signup,0
https://mail.salesforce.com/faq,0
https://61.125.226.126/suspended-account-recover,1
http://mail.stripe.com/news,0
https://mail.cnn.com/,0
http://user@secure-hsbc-login.com/update-billing,1
http://user@paypal-verify-account-6qj2on.com/account.php?cmd=login&session=abcdef,1
http://app.github.com/pricing,0
http://5.162.144.31/confirm-identity,1
https://mail.github.com/products,0
https://www.amazon.com/products,0
https://www.linkedin.com/login,0
https://verify-wellsfargo-identity.gq/win-prize-claim,1
http://click-here-sc0t8d.info/confirm-identity,1
https://mail.youtube.com/products,0
http://172.104.162.135/?id=12345&ref=phish,1
https://mail.adobe.com/support,0
https://mail.twitter.com/news,0
http://user@amazon-security-alert.pw/secure-login,1
http://click-here-2utbtt.info/?id=12345&ref=phish,1
https://app.google.com/pricing,0
https://medium.com/login,0
http://verify-hsbc-identity.gq/account.php?cmd=login&session=abcdef,1
https://api.adobe.com/contact,0
https://app.nytimes.com/services,0
https://microsoft.com/login,0
https://api.adobe.com/login,0
https://api.oracle.com/products,0
http://amazon.hsbc-update-billing.xyz/suspended-account-recover,1
http://app.paypal.com/help,0
http://35.216.5.62/update-billing,1
https://app.linkedin.com/contact,0
https://app.oracle.com/pricing,0
http://paypal-verify-account-1hll9r.com/free-gift-activate,1
http://microsoft-update-billing.xyz/?id=12345&ref=phish,1
https://mail.nytimes.com/,0
https://google.apple-update-billing.xyz/reset-password-now,1
https://app.apple.com/home,0
https://mail.facebook.com/login,0
https://app.wikipedia.org/services,0
https://www.microsoft.com/pricing,0
http://login-pgqc5u-secure.ml/suspended-account-recover,1
https://api.netflix.com/help,0
https://paypal-verify-account-8fbffh.com/secure-login,1
https://medium.com/,0
http://verify-bankofamerica-identity.gq/verify-account,1
http://124.70.85.241/confirm-identity,1
http://99.107.102.19/win-prize-claim,1
https://api.microsoft.com/faq,0
http://paypal-verify-account-dmc2rh.com/secure-login,1
https://free-iphone-fquv9q.top/update-billing,1
https://api.cnn.com/contact,0
http://71.195.84.3/update-billing,1
https://223.84.142.123/suspended-account-recover,1
http://click-here-ea7187.info/update-billing,1
https://user@amazon-security-alert.pw/?id=12345&ref=phish,1
https://mail.wikipedia.org/contact,0
https://api.oracle.com/,0
https://api.github.com/services,0
http://amazon.click-here-uin748.info/verify-account,1
https://www.dropbox.com/blog,0
https://api.dropbox.com/products,0
https://www.stripe.com/faq,0
http://api.apple.com/news,0
http://citibank-update-billing.xyz/verify-account,1
https://forbes.com/about,0
http://free-iphone-wrr513.top/verify-account,1
http://api.apple.com/,0
https://app.twitter.com/signup,0
http://paypal-update-billing.xyz/suspended-account-recover,1
https://bankofamerica-security-alert.pw/verify-account,1
https://mail.ebay.com/blog,0
https://login-b1hi8h-secure.ml/win-prize-claim,1
http://amazon.microsoft-update-billing.xyz/free-gift-activate,1
http://google.free-iphone-7tw1pu.top/verify-account,1
https://api.github.com/contact,0
https://api.amazon.com/faq,0
http://user@click-here-cfkjna.info/?id=12345&ref=phish,1
http://google.verify-apple-identity.gq/free-gift-activate,1
https://google.login-s30u7f-secure.ml/free-gift-activate,1
https://amazon-prize-winner-3ucr68.cf/suspended-account-recover,1
https://157.44.214.152/reset-password-now,1
http://login-dgjkcs-secure.ml/account.php?cmd=login&session=abcdef,1
https://mail.stackoverflow.com/home,0
https://mail.netflix.com/services,0
http://user@verify-google-identity.gq/secure-login,1
https://app.ebay.com/features,0
http://github.com/services,0
https://api.oracle.com/blog,0
http://231.22.76.216/confirm-identity,1
https://api.oracle.com/news,0
http://google.amazon-prize-winner-62zko0.cf/update-billing,1
https://www.youtube.com/products,0
https://secure-google-login.com/win-prize-claim,1
http://login-ftlecs-secure.ml/verify-account,1
https://mail.twitter.com/help,0
https://click-here-b7f5hg.info/?id=12345&ref=phish,1
https://citibank-security-alert.pw/verify-account,1
http://amazon-security-alert.pw/suspended-account-recover,1
https://47.186.56.164/win-prize-claim,1
http://119.155.45.57/win-prize-claim,1
https://slack.com/features,0
https://www.oracle.com/blog,0
http://amazon-prize-winner-9c65fp.cf/reset-password-now,1
https://api.linkedin.com/features,0
https://mail.slack.com/services,0
http://mail.forbes.com/products,0
http://secure-apple-login.com/?id=12345&ref=phish,1
https://242.189.226.254/update-billing,1
https://www.dropbox.com/news,0
http://secure-hsbc-login.com/reset-password-now,1
http://131.38.221.195/secure-login,1
http://citibank-update-billing.xyz/?id=12345&ref=phish,1
http://free-iphone-j9r3vp.top/secure-login,1
http://185.163.140.21/update-billing,1
https://api.linkedin.com/signup,0
http://google.bankofamerica-security-alert.pw/suspended-account-recover,1
https://www.forbes.com/,0
https://app.slack.com/products,0
https://amazon-prize-winner-ej81o0.cf/account.php?cmd=login&session=abcdef,1
https://shopify.com/products,0
https://adobe.com/login,0
https://app.netflix.com/faq,0
https://mail.forbes.com/,0
https://click-here-b38wxg.info/verify-account,1
http://69.195.72.17/suspended-account-recover,1
http://bankofamerica-security-alert.pw/win-prize-claim,1
https://mail.zoom.us/pricing,0
https://mail.zoom.us/news,0
https://app.bbc.com/news,0
https://www.adobe.com/news,0
https://www.cnn.com/faq,0
http://amazon-prize-winner-zymuzz.cf/win-prize-claim,1
https://app.amazon.com/services,0
https://salesforce.com/news,0
https://api.forbes.com/faq,0
http://mail.cnn.com/services,0
http://user@paypal-verify-account-rc1yoh.com/suspended-account-recover,1
http://user@secure-wellsfargo-login.com/confirm-identity,1
https://app.stripe.com/news,0
http://82.152.161.248/secure-login,1
https://www.apple.com/support,0
https://shopify.com/features,0
https://free-iphone-tulgel.top/account.php?cmd=login&session=abcdef,1
https://api.stripe.com/pricing,0
https://user@free-iphone-7qmjce.top/win-prize-claim,1
https://api.ebay.com/,0
http://click-here-54gylb.info/confirm-identity,1
http://amazon-prize-winner-isrcvp.cf/?id=12345&ref=phish,1
https://www.ebay.com/help,0
https://cnn.com/blog,0
http://apple.login-sgnbhd-secure.ml/?id=12345&ref=phish,1
http://secure-apple-login.com/free-gift-activate,1
https://free-iphone-a0t51l.top/secure-login,1
http://secure-amazon-login.com/account.php?cmd=login&session=abcdef,1
https://mail.stackoverflow.com/pricing,0
http://paypal-security-alert.pw/?id=12345&ref=phish,1
https://www.amazon.com/blog,0
https://app.reddit.com/services,0
https://www.zoom.us/faq,0
https://amazon-prize-winner-6vilvq.cf/reset-password-now,1
https://api.paypal.com/contact,0
http://google.google-security-alert.pw/account.php?cmd=login&session=abcdef,1
http://free-iphone-p422ta.top/free-gift-activate,1
http://verify-bankofamerica-identity.gq/win-prize-claim,1
https://free-iphone-o9s4zn.top/suspended-account-recover,1
http://user@free-iphone-m6dtec.top/verify-account,1
https://verify-bankofamerica-identity.gq/?id=12345&ref=phish,1
https://app.shopify.com/about,0
http://account-suspended-mlytgv.tk/reset-password-now,1
https://www.apple.com/signup,0
http://202.90.242.144/suspended-account-recover,1
https://mail.amazon.com/,0
http://free-iphone-mxswy0.top/?id=12345&ref=phish,1
https://mail.facebook.com/help,0
http://shopify.com/signup,0
https://paypal-update-billing.xyz/account.php?cmd=login&session=abcdef,1
http://wellsfargo-update-billing.xyz/update-billing,1
http://119.98.16.233/?id=12345&ref=phish,1
https://app.oracle.com/features,0
https://zoom.us/faq,0
http://174.135.104.151/free-gift-activate,1
https://88.176.3.241/free-gift-activate,1
https://mail.reddit.com/services,0
http://account-suspended-crhyqn.tk/free-gift-activate,1
https://www.apple.com/login,0
http://secure-chase-login.com/reset-password-now,1
https://www.forbes.com/home,0
https://youtube.com/help,0
https://www.facebook.com/products,0
https://click-here-t54884.info/update-billing,1
http://amazon.account-suspended-xtur8x.tk/account.php?cmd=login&session=abcdef,1
http://220.168.236.71/verify-account,1
http://free-iphone-fgea9w.top/account.php?cmd=login&session=abcdef,1
https://www.google.com/contact,0
http://google.secure-apple-login.com/secure-login,1
https://forbes.com/services,0
http://amazon-prize-winner-1vhhgy.cf/verify-account,1
http://click-here-xb02b6.info/suspended-account-recover,1
https://mail.adobe.com/home,0
http://verify-paypal-identity.gq/?id=12345&ref=phish,1
http://google-update-billing.xyz/update-billing,1
https://mail.stackoverflow.com/,0
https://app.cnn.com/blog,0
http://apple.com/products,0
https://login-q1d7xy-secure.ml/suspended-account-recover,1
https://api.salesforce.com/signup,0
http://api.bbc.com/,0
http://google.login-h5840a-secure.ml/secure-login,1
http://click-here-8hdpwv.info/verify-account,1
http://user@account-suspended-dcv4bk.tk/?id=12345&ref=phish,1
https://www.oracle.com/signup,0
https://app.paypal.com/login,0
http://paypal-verify-account-hs6jhb.com/win-prize-claim,1
https://secure-apple-login.com/account.php?cmd=login&session=abcdef,1
https://stripe.com/signup,0
http://226.108.194.184/win-prize-claim,1
http://account-suspended-wmvm74.tk/suspended-account-recover,1
https://www.cnn.com/products,0
http://google-update-billing.xyz/?id=12345&ref=phish,1
https://www.twitter.com/login,0
http://secure-google-login.com/confirm-identity,1
https://www.twitter.com/signup,0
https://www.shopify.com/support,0
https://cnn.com/products,0
http://login-vi7lig-secure.ml/reset-password-now,1
http://microsoft-update-billing.xyz/confirm-identity,1
https://bankofamerica-update-billing.xyz/free-gift-activate,1
http://login-te5u9i-secure.ml/suspended-account-recover,1
http://free-iphone-xrv8df.top/reset-password-now,1
http://amazon-prize-winner-7kkg0a.cf/?id=12345&ref=phish,1
http://user@amazon-prize-winner-vum2en.cf/confirm-identity,1
http://www.cnn.com/home,0
https://app.github.com/help,0
https://ebay.com/login,0
https://mail.adobe.com/home,0
https://www.stackoverflow.com/signup,0
http://free-iphone-6ktnn8.top/confirm-identity,1
https://www.shopify.com/faq,0
http://wellsfargo-update-billing.xyz/suspended-account-recover,1
https://mail.stripe.com/features,0
https://mail.stripe.com/services,0
https://mail.wikipedia.org/contact,0
https://94.37.21.63/account.php?cmd=login&session=abcdef,1
http://google.paypal-verify-account-6h52mj.com/confirm-identity,1
https://api.bbc.com/home,0
https://api.forbes.com/about,0
http://31.34.103.10/account.php?cmd=login&session=abcdef,1
https://google.account-suspended-wdl14w.tk/secure-login,1
https://www.github.com/home,0
http://verify-apple-identity.gq/reset-password-now,1
http://38.52.227.45/win-prize-claim,1
https://paypal-verify-account-vtfhak.com/free-gift-activate,1
https://www.ebay.com/help,0
https://mail.slack.com/features,0
http://secure-hsbc-login.com/update-billing,1
https://app.youtube.com/contact,0
https://amazon-prize-winner-11bkhs.cf/?id=12345&ref=phish,1
https://api.microsoft.com/,0
https://www.apple.com/login,0
https://api.github.com/services,0
https://amazon-update-billing.xyz/?id=12345&ref=phish,1
http://citibank-update-billing.xyz/verify-account,1
https://www.dropbox.com/features,0
https://amazon-prize-winner-aq2yot.cf/win-prize-claim,1
http://netflix.com/login,0
https://paypal-verify-account-bdw56f.com/reset-password-now,1
https://mail.linkedin.com/signup,0
http://121.25.213.206/verify-account,1
https://app.wikipedia.org/features,0
https://api.youtube.com/pricing,0
http://verify-google-identity.gq/?id=12345&ref=phish,1
https://mail.adobe.com/signup,0
http://account-suspended-h4oipr.tk/account.php?cmd=login&session=abcdef,1
http://google.click-here-ebin0b.info/suspended-account-recover,1
http://google.login-od8wac-secure.ml/secure-login,1
http://36.52.236.191/secure-login,1
https://www.zoom.us/home,0
http://secure-chase-login.com/account.php?cmd=login&session=abcdef,1
http://amazon.amazon-update-billing.xyz/?id=12345&ref=phish,1
http://google.google-security-alert.pw/reset-password-now,1
http://account-suspended-j1z322.tk/reset-password-now,1
https://mail.nytimes.com/about,0
http://111.226.180.196/update-billing,1
https://api.linkedin.com/services,0
https://api.zoom.us/blog,0
https://mail.apple.com/pricing,0
https://app.forbes.com/login,0
https://secure-microsoft-login.com/win-prize-claim,1
https://api.microsoft.com/products,0
https://www.github.com/home,0
http://free-iphone-w2vgqz.top/secure-login,1
https://api.bbc.com/,0
http://chase-security-alert.pw/confirm-identity,1
https://amazon-prize-winner-xtxb17.cf/account.php?cmd=login&session=abcdef,1
https://medium.com/login,0
http://www.nytimes.com/news,0
https://cnn.com/faq,0
http://login-2x707t-secure.ml/suspended-account-recover,1
https://api.bbc.com/,0
https://www.ebay.com/support,0
https://app.cnn.com/products,0
https://login-arxabo-secure.ml/update-billing,1
http://verify-google-identity.gq/secure-login,1
http://user@amazon-update-billing.xyz/win-prize-claim,1
https://app.microsoft.com/features,0
http://paypal-verify-account-72i2f8.com/free-gift-activate,1
http://paypal-verify-account-e6uitj.com/account.php?cmd=login&session=abcdef,1
https://www.shopify.com/pricing,0
https://mail.adobe.com/faq,0
https://api.forbes.com/,0
http://mail.adobe.com/blog,0
https://user@free-iphone-tk4gc4.top/free-gift-activate,1
https://mail.shopify.com/help,0
http://secure-paypal-login.com/account.php?cmd=login&session=abcdef,1
https://app.netflix.com/pricing,0
https://api.facebook.com/about,0
http://verify-hsbc-identity.gq/reset-password-now,1
http://207.196.224.133/update-billing,1
http://72.121.84.222/?id=12345&ref=phish,1
https://api.stripe.com/blog,0
https://www.slack.com/pricing,0
http://paypal.verify-apple-identity.gq/secure-login,1
http://198.111.164.17/reset-password-now,1
https://www.wikipedia.org/help,0
http://217.222.121.254/update-billing,1
https://click-here-r0o8k5.info/secure-login,1
https://account-suspended-gsou6n.tk/reset-password-now,1
https://mail.oracle.com/,0
http://github.com/contact,0
https://api.netflix.com/home,0
https://app.amazon.com/faq,0
https://mail.paypal.com/pricing,0
http://paypal.paypal-verify-account-c786w0.com/win-prize-claim,1
http://apple.free-iphone-juwmw3.top/suspended-account-recover,1
http://secure-paypal-login.com/account.php?cmd=login&session=abcdef,1
http://chase-security-alert.pw/?id=12345&ref=phish,1
http://secure-microsoft-login.com/account.php?cmd=login&session=abcdef,1
http://account-suspended-p1wz2n.tk/verify-account,1
https://mail.shopify.com/signup,0
https://app.wikipedia.org/about,0
http://hsbc-update-billing.xyz/free-gift-activate,1
http://click-here-iky3uf.info/win-prize-claim,1
https://google.com/products,0
http://31.178.117.16/reset-password-now,1
https://paypal-update-billing.xyz/?id=12345&ref=phish,1
https://amazon.wellsfargo-update-billing.xyz/free-gift-activate,1
https://api.zoom.us/pricing,0
https://wellsfargo-update-billing.xyz/reset-password-now,1
http://click-here-uzb7kr.info/update-billing,1
https://app.bbc.com/news,0
http://paypal-verify-account-w8li3i.com/update-billing,1
http://free-iphone-aeex6i.top/account.php?cmd=login&session=abcdef,1
https://free-iphone-ez5ehr.top/update-billing,1
http://user@paypal-verify-account-yd52al.com/account.php?cmd=login&session=abcdef,1
http://paypal-verify-account-w6or6x.com/suspended-account-recover,1
http://free-iphone-2tricq.top/free-gift-activate,1
http://user@account-suspended-9a1g7i.tk/free-gift-activate,1
https://verify-microsoft-identity.gq/suspended-account-recover,1
https://www.wikipedia.org/signup,0
https://apple.com/faq,0
http://98.211.93.211/update-billing,1
https://login-5ie3lv-secure.ml/win-prize-claim,1
https://www.ebay.com/news,0
https://mail.nytimes.com/faq,0
https://app.medium.com/,0
https://mail.oracle.com/home,0
http://salesforce.com/products,0
https://api.stackoverflow.com/services,0
https://api.dropbox.com/support,0
https://api.wikipedia.org/features,0
https://verify-microsoft-identity.gq/update-billing,1
https://slack.com/signup,0
https://app.linkedin.com/blog,0
https://stripe.com/support,0
https://app.nytimes.com/contact,0
http://hsbc-security-alert.pw/confirm-identity,1
http://api.medium.com/help,0
http://amazon.account-suspended-paxnqe.tk/update-billing,1
http://paypal-verify-account-yk3fdj.com/account.php?cmd=login&session=abcdef,1
https://app.twitter.com/services,0
https://www.google.com/help,0
https://www.microsoft.com/support,0
http://verify-hsbc-identity.gq/account.php?cmd=login&session=abcdef,1
https://api.amazon.com/contact,0
https://www.bbc.com/contact,0
https://www.zoom.us/login,0
http://95.28.152.254/account.php?cmd=login&session=abcdef,1
https://mail.dropbox.com/blog,0
https://amazon-prize-winner-tvog5k.cf/reset-password-now,1
https://app.facebook.com/services,0
http://apple.secure-bankofamerica-login.com/verify-account,1
http://user@secure-google-login.com/verify-account,1
http://amazon-prize-winner-xyphwh.cf/suspended-account-recover,1
http://apple.amazon-prize-winner-tesu2h.cf/?id=12345&ref=phish,1
http://amazon.amazon-security-alert.pw/update-billing,1
http://paypal-security-alert.pw/confirm-identity,1
http://86.224.195.33/suspended-account-recover,1
http://microsoft-update-billing.xyz/account.php?cmd=login&session=abcdef,1
https://www.paypal.com/,0
https://api.twitter.com/faq,0
https://app.nytimes.com/news,0
https://mail.google.com/support,0
http://api.adobe.com/blog,0
https://app.paypal.com/services,0
http://paypal-update-billing.xyz/account.php?cmd=login&session=abcdef,1
https://www.paypal.com/,0
https://mail.bbc.com/,0
https://mail.ebay.com/pricing,0
http://verify-bankofamerica-identity.gq/win-prize-claim,1
https://app.amazon.com/help,0
http://108.67.52.86/reset-password-now,1
https://api.wikipedia.org/faq,0
https://mail.adobe.com/login,0
http://free-iphone-yruy4k.top/reset-password-now,1
https://microsoft.com/,0
http://free-iphone-mm4p61.top/win-prize-claim,1
https://secure-microsoft-login.com/free-gift-activate,1
http://click-here-w4ixfj.info/reset-password-now,1
http://free-iphone-e4lohh.top/verify-account,1
http://login-x6mj53-secure.ml/verify-account,1
https://api.stripe.com/home,0
http://15.31.37.63/account.php?cmd=login&session=abcdef,1
https://mail.apple.com/news,0
https://www.wikipedia.org/products,0
http://verify-amazon-identity.gq/account.php?cmd=login&session=abcdef,1
https://mail.zoom.us/support,0
http://169.63.183.244/free-gift-activate,1
https://amazon-prize-winner-0jdcli.cf/suspended-account-recover,1
https://www.salesforce.com/contact,0
https://api.paypal.com/help,0
https://www.shopify.com/products,0
http://user@paypal-verify-account-50b8y5.com/secure-login,1
http://www.wikipedia.org/news,0
https://api.salesforce.com/services,0
https://user@click-here-uon8rj.info/win-prize-claim,1
http://128.185.191.205/secure-login,1
https://app.netflix.com/news,0
http://147.165.215.100/secure-login,1
https://api.adobe.com/products,0
https://bbc.com/login,0
https://www.twitter.com/,0
https://api.github.com/,0
https://api.github.com/blog,0
http://google.apple-update-billing.xyz/?id=12345&ref=phish,1
http://user@amazon-prize-winner-acueob.cf/free-gift-activate,1
https://app.slack.com/pricing,0
http://click-here-75j2d8.info/secure-login,1
http://salesforce.com/help,0
https://app.ebay.com/blog,0
https://login-w6nyqa-secure.ml/update-billing,1
https://app.salesforce.com/features,0
http://33.152.221.173/account.php?cmd=login&session=abcdef,1
https://api.ebay.com/help,0
http://amazon.login-wkt6vg-secure.ml/update-billing,1
https://netflix.com/products,0
https://dropbox.com/products,0
https://www.paypal.com/help,0
http://secure-bankofamerica-login.com/account.php?cmd=login&session=abcdef,1
https://api.stripe.com/login,0
http://google.paypal-verify-account-bpa274.com/confirm-identity,1
http://hsbc-security-alert.pw/confirm-identity,1
https://app.github.com/login,0
https://www.dropbox.com/,0
http://225.79.168.46/reset-password-now,1
http://citibank-security-alert.pw/win-prize-claim,1
https://account-suspended-hjqcyy.tk/win-prize-claim,1
http://246.160.144.132/update-billing,1
http://207.113.41.145/account.php?cmd=login&session=abcdef,1
http://202.185.11.104/verify-account,1
http://apple.amazon-prize-winner-8l4pja.cf/confirm-identity,1
https://youtube.com/help,0
https://api.nytimes.com/news,0
http://paypal-verify-account-lb45l6.com/secure-login,1
https://app.nytimes.com/pricing,0
http://verify-wellsfargo-identity.gq/confirm-identity,1
http://apple.verify-google-identity.gq/account.php?cmd=login&session=abcdef,1
https://wellsfargo-security-alert.pw/account.php?cmd=login&session=abcdef,1
http://chase-update-billing.xyz/verify-account,1
https://www.bbc.com/features,0
https://wellsfargo-security-alert.pw/confirm-identity,1
https://www.medium.com/signup,0
https://app.linkedin.com/contact,0
https://user@click-here-qnyy95.info/confirm-identity,1
http://free-iphone-qj7dpf.top/?id=12345&ref=phish,1
http://secure-google-login.com/win-prize-claim,1
http://paypal-verify-account-1u86ag.com/account.php?cmd=login&session=abcdef,1
https://login-b9xn4m-secure.ml/free-gift-activate,1
http://wellsfargo-security-alert.pw/confirm-identity,1
http://click-here-nog85d.info/confirm-identity,1
http://paypal-verify-account-ohe7ky.com/free-gift-activate,1
https://www.forbes.com/blog,0
https://wikipedia.org/services,0
http://paypal-verify-account-5rwsf5.com/win-prize-claim,1
https://api.wikipedia.org/faq,0
http://paypal.login-ilsidb-secure.ml/update-billing,1
https://shopify.com/blog,0
https://api.shopify.com/products,0
http://amazon-prize-winner-jpi163.cf/reset-password-now,1
https://140.19.6.167/confirm-identity,1
http://api.ebay.com/login,0
https://reddit.com/contact,0
https://account-suspended-a9au87.tk/verify-account,1
http://free-iphone-fj6ijk.top/account.php?cmd=login&session=abcdef,1
http://amazon-prize-winner-8ubk6s.cf/?id=12345&ref=phish,1
http://17.246.198.225/verify-account,1
https://192.9.175.174/free-gift-activate,1
https://free-iphone-v7vsyj.top/verify-account,1
http://wellsfargo-update-billing.xyz/update-billing,1
https://google-security-alert.pw/verify-account,1
http://login-vonnlh-secure.ml/verify-account,1
http://user@apple-update-billing.xyz/win-prize-claim,1
http://36.108.248.144/free-gift-activate,1
https://chase-update-billing.xyz/confirm-identity,1
http://github.com/support,0
https://api.youtube.com/products,0
https://app.stackoverflow.com/,0
http://10.128.130.58/update-billing,1
https://amazon-update-billing.xyz/confirm-identity,1
http://google-update-billing.xyz/?id=12345&ref=phish,1
https://free-iphone-j1n5t8.top/account.php?cmd=login&session=abcdef,1
http://app.google.com/features,0
https://amazon.wellsfargo-update-billing.xyz/free-gift-activate,1
http://google.paypal-update-billing.xyz/account.php?cmd=login&session=abcdef,1
https://login-h1tlom-secure.ml/update-billing,1
http://free-iphone-wvbhza.top/confirm-identity,1
http://account-suspended-lvb8dm.tk/account.php?cmd=login&session=abcdef,1
https://app.nytimes.com/pricing,0
https://google.com/,0
http://verify-microsoft-identity.gq/confirm-identity,1
http://amazon-prize-winner-vrhum9.cf/confirm-identity,1
https://login-7q4kfm-secure.ml/suspended-account-recover,1
http://133.126.45.231/verify-account,1
http://bankofamerica-update-billing.xyz/win-prize-claim,1
http://api.netflix.com/home,0
https://api.zoom.us/signup,0
https://102.123.169.32/confirm-identity,1
http://verify-hsbc-identity.gq/?id=12345&ref=phish,1
http://secure-apple-login.com/free-gift-activate,1
https://app.dropbox.com/services,0
https://app.bbc.com/help,0
http://google.verify-apple-identity.gq/verify-account,1
https://www.bbc.com/,0
https://dropbox.com/login,0
http://amazon.free-iphone-hrlnf6.top/win-prize-claim,1
https://37.73.68.230/free-gift-activate,1
http://google.secure-amazon-login.com/secure-login,1
https://click-here-het25l.info/?id=12345&ref=phish,1
https://apple.free-iphone-3q7gkt.top/suspended-account-recover,1
http://secure-apple-login.com/?id=12345&ref=phish,1
https://mail.zoom.us/blog,0
https://secure-paypal-login.com/verify-account,1
http://account-suspended-qzhecb.tk/account.php?cmd=login&session=abcdef,1
http://google-update-billing.xyz/account.php?cmd=login&session=abcdef,1
https://www.stripe.com/home,0
https://api.shopify.com/help,0
https://shopify.com/help,0
http://amazon-prize-winner-v8lymj.cf/free-gift-activate,1
https://paypal.com/login,0
https://116.87.32.129/reset-password-now,1
https://free-iphone-bgj5g1.top/confirm-identity,1
https://paypal-verify-account-nf5ca7.com/account.php?cmd=login&session=abcdef,1
http://237.222.245.238/account.php?cmd=login&session=abcdef,1
http://user@secure-bankofamerica-login.com/free-gift-activate,1
https://mail.nytimes.com/pricing,0
http://apple.click-here-j5ywx0.info/confirm-identity,1
http://user@login-hovu5w-secure.ml/win-prize-claim,1
https://www.youtube.com/help,0
https://stripe.com/news,0
http://verify-wellsfargo-identity.gq/update-billing,1
https://api.bbc.com/blog,0
https://www.linkedin.com/contact,0
http://user@amazon-security-alert.pw/win-prize-claim,1
http://verify-citibank-identity.gq/win-prize-claim,1
https://secure-microsoft-login.com/verify-account,1
https://mail.forbes.com/support,0
https://api.shopify.com/help,0
http://verify-apple-identity.gq/suspended-account-recover,1
https://mail.apple.com/about,0
https://api.stackoverflow.com/features,0
https://microsoft-security-alert.pw/suspended-account-recover,1
http://login-malq5u-secure.ml/win-prize-claim,1
http://123.231.11.36/free-gift-activate,1
https://www.forbes.com/services,0
http://apple-update-billing.xyz/?id=12345&ref=phish,1
https://www.reddit.com/faq,0
https://app.oracle.com/,0
https://paypal-verify-account-pweijm.com/suspended-account-recover,1
https://ebay.com/features,0
https://api.stackoverflow.com/blog,0
http://login-h2hxn4-secure.ml/secure-login,1
http://paypal-verify-account-40i6qv.com/secure-login,1
https://api.dropbox.com/login,0
https://www.ebay.com/contact,0
https://paypal-verify-account-1ppkpg.com/update-billing,1
http://google.paypal-security-alert.pw/update-billing,1
https://login-5n860a-secure.ml/?id=12345&ref=phish,1
http://click-here-4sbrsp.info/reset-password-now,1
http://login-gdesvd-secure.ml/secure-login,1
http://google.click-here-95g6ml.info/account.php?cmd=login&session=abcdef,1
https://mail.netflix.com/about,0
http://www.paypal.com/signup,0
https://api.forbes.com/products,0
https://zoom.us/services,0
https://paypal-verify-account-arpyyf.com/confirm-identity,1
https://amazon.verify-paypal-identity.gq/win-prize-claim,1
https://api.forbes.com/,0
http://app.forbes.com/,0
https://stackoverflow.com/blog,0
https://paypal-verify-account-hcykjb.com/update-billing,1
https://api.microsoft.com/blog,0
https://app.youtube.com/help,0
http://app.bbc.com/products,0
https://reddit.com/login,0
https://api.google.com/about,0
http://amazon-prize-winner-kbvpx4.cf/win-prize-claim,1
https://api.netflix.com/login,0
http://api.netflix.com/help,0
https://app.bbc.com/login,0
https://adobe.com/features,0
http://click-here-63umgt.info/confirm-identity,1
https://secure-hsbc-login.com/reset-password-now,1
https://mail.linkedin.com/login,0
https://api.amazon.com/pricing,0
https://app.wikipedia.org/features,0
https://user@login-zhjy8g-secure.ml/free-gift-activate,1
https://mail.ebay.com/services,0
https://mail.slack.com/blog,0
https://app.stackoverflow.com/help,0
https://apple.secure-amazon-login.com/reset-password-now,1
http://verify-wellsfargo-identity.gq/free-gift-activate,1
https://amazon.account-suspended-rtscps.tk/?id=12345&ref=phish,1
https://microsoft.com/login,0
https://free-iphone-xnn861.top/win-prize-claim,1
https://app.zoom.us/faq,0
https://www.adobe.com/features,0
http://secure-chase-login.com/confirm-identity,1
https://www.shopify.com/signup,0
http://account-suspended-pzhuug.tk/verify-account,1
http://paypal-verify-account-go6zud.com/win-prize-claim,1
http://157.14.183.194/account.php?cmd=login&session=abcdef,1
http://free-iphone-lld0n5.top/win-prize-claim,1
http://citibank-security-alert.pw/win-prize-claim,1
https://api.stackoverflow.com/blog,0
https://microsoft-security-alert.pw/win-prize-claim,1
https://app.linkedin.com/pricing,0
http://secure-amazon-login.com/confirm-identity,1
https://mail.amazon.com/about,0
https://mail.paypal.com/pricing,0
http://paypal-verify-account-8a1arr.com/verify-account,1
http://214.251.196.100/win-prize-claim,1
http://160.150.43.160/free-gift-activate,1
https://forbes.com/products,0
https://api.facebook.com/help,0
https://login-tx6qca-secure.ml/suspended-account-recover,1
https://app.youtube.com/contact,0
http://paypal.login-r4l2e4-secure.ml/update-billing,1
https://mail.facebook.com/help,0
https://mail.ebay.com/help,0
https://111.226.235.31/verify-account,1
https://213.111.184.108/account.php?cmd=login&session=abcdef,1
https://app.nytimes.com/products,0
https://mail.nytimes.com/about,0
http://77.236.240.122/reset-password-now,1
https://app.twitter.com/about,0
https://app.microsoft.com/news,0
https://app.medium.com/contact,0
http://www.forbes.com/news,0
https://mail.paypal.com/home,0
https://api.google.com/login,0
https://api.forbes.com/help,0
http://api.oracle.com/products,0
https://www.salesforce.com/,0
https://api.oracle.com/features,0
https://paypal.secure-chase-login.com/account.php?cmd=login&session=abcdef,1
https://mail.facebook.com/help,0
https://paypal.com/blog,0
https://login-l6ufky-secure.ml/account.php?cmd=login&session=abcdef,1
https://app.google.com/,0
https://www.salesforce.com/products,0
http://verify-google-identity.gq/?id=12345&ref=phish,1
https://app.forbes.com/help,0
http://35.6.156.68/confirm-identity,1
http://click-here-76mouz.info/secure-login,1
https://mail.oracle.com/products,0
http://wellsfargo-security-alert.pw/verify-account,1
https://forbes.com/products,0
http://click-here-c81do6.info/win-prize-claim,1
https://click-here-s1gd1t.info/suspended-account-recover,1
https://app.microsoft.com/signup,0
https://app.salesforce.com/help,0
http://paypal-verify-account-dy0vqx.com/win-prize-claim,1
https://click-here-k8ekt2.info/free-gift-activate,1
http://user@amazon-prize-winner-hpii2m.cf/account.php?cmd=login&session=abcdef,1
http://paypal-verify-account-zsyjx2.com/win-prize-claim,1
https://oracle.com/faq,0
http://44.209.126.1/win-prize-claim,1
https://adobe.com/help,0
https://user@microsoft-update-billing.xyz/reset-password-now,1
http://amazon.free-iphone-zq0v4p.top/?id=12345&ref=phish,1
http://verify-wellsfargo-identity.gq/free-gift-activate,1
https://mail.stackoverflow.com/blog,0
http://secure-apple-login.com/confirm-identity,1
http://google-security-alert.pw/reset-password-now,1
https://mail.forbes.com/products,0
https://api.cnn.com/pricing,0
http://chase-security-alert.pw/win-prize-claim,1
https://api.dropbox.com/features,0
http://login-0kqlrv-secure.ml/secure-login,1
https://app.github.com/products,0
https://api.slack.com/blog,0
http://account-suspended-1bf8w8.tk/verify-account,1
https://www.slack.com/support,0
https://api.reddit.com/products,0
https://app.zoom.us/contact,0
https://user@account-suspended-h66w51.tk/win-prize-claim,1
https://www.paypal.com/login,0
http://user@amazon-security-alert.pw/confirm-identity,1
https://www.shopify.com/home,0
http://free-iphone-07lp7d.top/update-billing,1
http://8.37.230.189/account.php?cmd=login&session=abcdef,1
http://chase-security-alert.pw/update-billing,1
https://click-here-yz7pq4.info/secure-login,1
https://mail.stripe.com/support,0
https://wikipedia.org/about,0
https://secure-citibank-login.com/confirm-identity,1
https://mail.shopify.com/products,0
https://api.facebook.com/support,0
http://178.86.188.13/win-prize-claim,1
https://app.ebay.com/contact,0
https://api.reddit.com/help,0
https://api.youtube.com/signup,0
https://app.amazon.com/,0
https://forbes.com/login,0
https://app.stackoverflow.com/products,0
https://mail.medium.com/support,0
http://www.netflix.com/support,0
https://secure-wellsfargo-login.com/win-prize-claim,1
https://mail.bbc.com/,0
http://hsbc-security-alert.pw/confirm-identity,1
https://mail.shopify.com/products,0
https://forbes.com/contact,0
http://amazon.verify-hsbc-identity.gq/account.php?cmd=login&session=abcdef,1
https://www.amazon.com/products,0
https://www.oracle.com/home,0
https://api.reddit.com/,0
https://app.nytimes.com/about,0
https://oracle.com/support,0
https://verify-microsoft-identity.gq/win-prize-claim,1
http://hsbc-update-billing.xyz/?id=12345&ref=phish,1
https://www.netflix.com/home,0
https://mail.apple.com/blog,0
https://mail.medium.com/pricing,0
http://user@account-suspended-4eubyg.tk/?id=12345&ref=phish,1
http://account-suspended-7z4es3.tk/verify-account,1
https://api.apple.com/faq,0
http://mail.ebay.com/help,0
https://zoom.us/contact,0
https://verify-bankofamerica-identity.gq/?id=12345&ref=phish,1
http://api.ebay.com/help,0
http://secure-paypal-login.com/reset-password-now,1
https://api.amazon.com/support,0
https://amazon-prize-winner-ou3dym.cf/?id=12345&ref=phish,1
https://zoom.us/pricing,0
https://paypal-verify-account-xudkit.com/suspended-account-recover,1
http://account-suspended-j5sc36.tk/account.php?cmd=login&session=abcdef,1
https://app.medium.com/features,0
https://forbes.com/contact,0
https://api.zoom.us/contact,0
https://mail.medium.com/about,0
https://chase-update-billing.xyz/suspended-account-recover,1
http://account-suspended-ckhhuz.tk/secure-login,1
https://app.wikipedia.org/faq,0
https://slack.com/,0
https://api.stripe.com/contact,0
https://app.twitter.com/contact,0
http://login-so03w2-secure.ml/suspended-account-recover,1
http://account-suspended-ymbnbo.tk/free-gift-activate,1
https://api.wikipedia.org/faq,0
http://paypal.paypal-verify-account-gqllx7.com/confirm-identity,1
https://user@hsbc-update-billing.xyz/?id=12345&ref=phish,1
https://user@verify-citibank-identity.gq/free-gift-activate,1
https://google.microsoft-update-billing.xyz/reset-password-now,1
https://app.netflix.com/contact,0
http://mail.stackoverflow.com/products,0
http://apple.secure-wellsfargo-login.com/?id=12345&ref=phish,1
http://click-here-xibf5y.info/secure-login,1
https://verify-microsoft-identity.gq/win-prize-claim,1
http://free-iphone-pjpf24.top/free-gift-activate,1
https://adobe.com/services,0
http://account-suspended-s1ev2s.tk/win-prize-claim,1
http://app.wikipedia.org/pricing,0
https://google.secure-citibank-login.com/?id=12345&ref=phish,1
http://218.54.205.158/free-gift-activate,1
https://shopify.com/help,0
http://login-oqmc8f-secure.ml/account.php?cmd=login&session=abcdef,1
http://account-suspended-7hbvpx.tk/win-prize-claim,1
http://bankofamerica-security-alert.pw/account.php?cmd=login&session=abcdef,1
https://175.39.134.248/free-gift-activate,1
https://mail.github.com/faq,0
http://apple.amazon-prize-winner-nne6it.cf/secure-login,1
https://user@verify-bankofamerica-identity.gq/suspended-account-recover,1
http://26.119.200.130/confirm-identity,1
http://161.59.146.228/reset-password-now,1
https://app.youtube.com/news,0
http://account-suspended-1a57e8.tk/verify-account,1
http://click-here-3a8y7e.info/free-gift-activate,1
https://api.forbes.com/faq,0
http://amazon-security-alert.pw/verify-account,1
https://verify-hsbc-identity.gq/suspended-account-recover,1
https://google.com/signup,0
https://mail.bbc.com/about,0
http://amazon-prize-winner-zjuy3k.cf/update-billing,1
http://paypal-verify-account-ldwqxk.com/secure-login,1
https://mail.forbes.com/products,0
https://mail.adobe.com/help,0
https://mail.twitter.com/signup,0
https://netflix.com/pricing,0
http://user@free-iphone-dj9dv3.top/account.php?cmd=login&session=abcdef,1
https://apple.com/about,0
https://api.slack.com/pricing,0
https://app.oracle.com/support,0
http://user@verify-google-identity.gq/suspended-account-recover,1
https://secure-amazon-login.com/free-gift-activate,1
https://www.apple.com/services,0
https://api.microsoft.com/products,0
https://api.twitter.com/features,0
http://paypal.citibank-update-billing.xyz/win-prize-claim,1
http://click-here-uf0ue9.info/reset-password-now,1
http://paypal.verify-bankofamerica-identity.gq/secure-login,1
https://google-security-alert.pw/reset-password-now,1
http://account-suspended-zcd3ge.tk/free-gift-activate,1
http://apple.amazon-prize-winner-zhdv5o.cf/reset-password-now,1
https://google.com/pricing,0
http://free-iphone-3gcg1j.top/win-prize-claim,1
https://api.facebook.com/login,0
https://ebay.com/signup,0
http://wellsfargo-security-alert.pw/win-prize-claim,1
https://www.stripe.com/products,0
http://account-suspended-qafqsd.tk/free-gift-activate,1
http://verify-amazon-identity.gq/suspended-account-recover,1
https://www.reddit.com/features,0
http://172.148.139.123/secure-login,1
https://api.facebook.com/services,0
http://google.login-pxajmk-secure.ml/?id=12345&ref=phish,1
http://app.ebay.com/blog,0
http://bankofamerica-security-alert.pw/verify-account,1
http://user@account-suspended-4ukigd.tk/confirm-identity,1
http://amazon-prize-winner-gct2xf.cf/secure-login,1
http://amazon-prize-winner-3b29xz.cf/update-billing,1
https://mail.google.com/login,0
http://secure-paypal-login.com/win-prize-claim,1
http://paypal-verify-account-cif8r2.com/verify-account,1
https://google.com/,0
http://microsoft-security-alert.pw/verify-account,1
https://api.paypal.com/login,0
https://www.facebook.com/,0
http://app.paypal.com/services,0
https://app.paypal.com/,0
http://api.bbc.com/login,0
http://mail.github.com/contact,0
https://www.reddit.com/pricing,0
http://paypal-verify-account-1k03u0.com/account.php?cmd=login&session=abcdef,1
http://google.wellsfargo-security-alert.pw/secure-login,1
http://amazon.paypal-verify-account-dg38ra.com/reset-password-now,1
https://www.twitter.com/services,0
https://www.ebay.com/features,0
http://google.amazon-prize-winner-53iqqu.cf/win-prize-claim,1
http://amazon-security-alert.pw/?id=12345&ref=phish,1
https://www.netflix.com/home,0
https://www.ebay.com/products,0
http://paypal.click-here-9a6tdv.info/win-prize-claim,1
https://api.amazon.com/news,0
http://verify-hsbc-identity.gq/account.php?cmd=login&session=abcdef,1
https://www.oracle.com/pricing,0
http://login-lyqz11-secure.ml/suspended-account-recover,1
https://github.com/help,0
https://app.stackoverflow.com/news,0
http://amazon-prize-winner-kj2ni4.cf/suspended-account-recover,1
https://app.stackoverflow.com/home,0
http://6.203.143.175/reset-password-now,1
http://login-pt2zl1-secure.ml/win-prize-claim,1
https://api.github.com/products,0
http://account-suspended-cfnxl4.tk/verify-account,1
https://www.youtube.com/features,0
https://ebay.com/services,0
http://verify-amazon-identity.gq/reset-password-now,1
http://free-iphone-s5pyyz.top/suspended-account-recover,1
http://233.78.202.63/win-prize-claim,1
http://user@amazon-prize-winner-6cysvu.cf/confirm-identity,1
http://paypal-verify-account-u3fg00.com/reset-password-now,1
http://amazon.amazon-prize-winner-l3cho3.cf/update-billing,1
http://app.reddit.com/news,0
http://login-cmm7db-secure.ml/update-billing,1
https://cnn.com/news,0
https://api.netflix.com/,0
https://mail.slack.com/,0
https://www.shopify.com/home,0
https://microsoft.com/,0
https://chase-update-billing.xyz/reset-password-now,1
https://app.microsoft.com/pricing,0
http://amazon-prize-winner-1kjwv2.cf/free-gift-activate,1
http://microsoft-update-billing.xyz/confirm-identity,1
http://amazon-prize-winner-deg3zg.cf/verify-account,1
http://paypal-verify-account-j8pmoz.com/reset-password-now,1
https://api.facebook.com/blog,0
http://api.oracle.com/about,0
https://paypal-verify-account-iz1xev.com/win-prize-claim,1
http://140.61.182.210/update-billing,1
https://login-6av3s2-secure.ml/?id=12345&ref=phish,1
https://www.paypal.com/blog,0
http://account-suspended-42p0kq.tk/secure-login,1
http://wellsfargo-update-billing.xyz/update-billing,1
http://app.amazon.com/help,0
https://account-suspended-bzokiy.tk/update-billing,1
http://paypal-verify-account-esrwqb.com/verify-account,1
http://mail.google.com/blog,0
https://click-here-n4ypkw.info/secure-login,1
https://mail.youtube.com/home,0
https://www.microsoft.com/products,0
http://login-xoq9v9-secure.ml/reset-password-now,1
http://login-wpolpf-secure.ml/reset-password-now,1
http://user@paypal-verify-account-ypvbnh.com/confirm-identity,1
http://user@verify-google-identity.gq/update-billing,1
https://app.stripe.com/blog,0
http://app.slack.com/login,0
https://bankofamerica-security-alert.pw/?id=12345&ref=phish,1
https://twitter.com/features,0
https://app.nytimes.com/help,0
http://42.227.46.210/update-billing,1
http://56.71.246.29/secure-login,1
https://amazon-prize-winner-pdax6k.cf/secure-login,1
https://api.cnn.com/pricing,0
http://user@click-here-we3dks.info/win-prize-claim,1
https://mail.netflix.com/news,0
http://paypal.free-iphone-hni2ml.top/account.php?cmd=login&session=abcdef,1
http://paypal-verify-account-g41io4.com/reset-password-now,1
http://api.facebook.com/pricing,0
http://amazon-prize-winner-j1oulw.cf/win-prize-claim,1
https://api.ebay.com/contact,0
http://apple-security-alert.pw/free-gift-activate,1
https://login-na7hn9-secure.ml/?id=12345&ref=phish,1
https://amazon-prize-winner-06idii.cf/win-prize-claim,1
https://app.slack.com/,0
http://133.208.148.127/confirm-identity,1
http://wellsfargo-security-alert.pw/free-gift-activate,1
http://42.160.124.243/account.php?cmd=login&session=abcdef,1
https://login-vi673k-secure.ml/suspended-account-recover,1
https://www.github.com/home,0
https://www.netflix.com/support,0
https://amazon.secure-apple-login.com/update-billing,1
http://secure-microsoft-login.com/update-billing,1
http://login-zyf2ev-secure.ml/win-prize-claim,1
http://login-0nphh3-secure.ml/confirm-identity,1
http://free-iphone-8vgzsx.top/reset-password-now,1
https://api.stripe.com/pricing,0
http://secure-citibank-login.com/reset-password-now,1
http://paypal-verify-account-d0wpj8.com/account.php?cmd=login&session=abcdef,1
https://mail.github.com/products,0
https://app.oracle.com/pricing,0
http://hsbc-security-alert.pw/free-gift-activate,1
https://www.adobe.com/features,0
http://13.166.64.246/free-gift-activate,1
http://click-here-bqg716.info/update-billing,1
http://amazon.amazon-prize-winner-zophgf.cf/?id=12345&ref=phish,1
https://app.reddit.com/support,0
https://api.reddit.com/blog,0
http://user@login-sb8lv6-secure.ml/?id=12345&ref=phish,1
http://login-s1f3kw-secure.ml/verify-account,1
https://app.amazon.com/help,0
https://www.adobe.com/features,0
https://linkedin.com/home,0
https://wikipedia.org/pricing,0
https://api.twitter.com/about,0
http://click-here-rhoeha.info/win-prize-claim,1
http://user@secure-apple-login.com/free-gift-activate,1
https://www.bbc.com/support,0
https://chase-update-billing.xyz/free-gift-activate,1
http://api.bbc.com/faq,0
http://paypal.account-suspended-casikz.tk/win-prize-claim,1
https://app.wikipedia.org/faq,0
http://app.stripe.com/services,0
http://app.salesforce.com/help,0
https://mail.zoom.us/faq,0
http://user@login-kuo4jh-secure.ml/reset-password-now,1
http://google.secure-apple-login.com/win-prize-claim,1
https://api.github.com/,0
https://app.wikipedia.org/blog,0
https://user@login-twbj9u-secure.ml/account.php?cmd=login&session=abcdef,1
http://paypal.com/blog,0
https://mail.dropbox.com/support,0
http://click-here-tcjiem.info/?id=12345&ref=phish,1
https://www.salesforce.com/contact,0
https://mail.forbes.com/contact,0
https://youtube.com/features,0
http://api.amazon.com/contact,0
https://www.ebay.com/signup,0
https://api.stripe.com/signup,0
https://mail.twitter.com/faq,0
http://amazon.paypal-verify-account-7o0gxa.com/win-prize-claim,1
https://api.stackoverflow.com/home,0
http://verify-hsbc-identity.gq/win-prize-claim,1
http://free-iphone-houu9s.top/confirm-identity,1
http://paypal.free-iphone-6f7qne.top/confirm-identity,1
http://amazon-prize-winner-zpatqx.cf/suspended-account-recover,1
http://amazon.secure-bankofamerica-login.com/secure-login,1
http://secure-chase-login.com/suspended-account-recover,1
https://apple.chase-security-alert.pw/win-prize-claim,1
http://21.227.103.90/suspended-account-recover,1
http://microsoft-security-alert.pw/free-gift-activate,1
http://amazon-prize-winner-tgduq6.cf/secure-login,1
https://www.google.com/login,0
http://google.click-here-q3b9so.info/verify-account,1
https://slack.com/signup,0
https://account-suspended-fdi3js.tk/?id=12345&ref=phish,1
https://mail.medium.com/login,0
https://www.oracle.com/about,0
http://user@login-3tdw7v-secure.ml/account.php?cmd=login&session=abcdef,1
https://www.twitter.com/,0
http://220.201.95.67/account.php?cmd=login&session=abcdef,1
https://www.slack.com/home,0
https://api.github.com/pricing,0
https://141.36.69.226/update-billing,1
https://chase-update-billing.xyz/?id=12345&ref=phish,1
https://account-suspended-8elnwo.tk/?id=12345&ref=phish,1
https://www.dropbox.com/support,0
http://api.linkedin.com/products,0
https://hsbc-update-billing.xyz/free-gift-activate,1
https://mail.oracle.com/contact,0
http://user@google-update-billing.xyz/verify-account,1
https://43.254.19.34/verify-account,1
http://amazon-prize-winner-24gpzb.cf/win-prize-claim,1
http://amazon.click-here-ptkftu.info/account.php?cmd=login&session=abcdef,1
http://login-apnu02-secure.ml/account.php?cmd=login&session=abcdef,1
https://www.github.com/products,0
http://amazon-prize-winner-r424tk.cf/verify-account,1
http://user@account-suspended-uubrj1.tk/account.php?cmd=login&session=abcdef,1
http://paypal.amazon-prize-winner-xqd66b.cf/secure-login,1
https://free-iphone-foial5.top/account.php?cmd=login&session=abcdef,1
http://verify-citibank-identity.gq/secure-login,1
https://www.youtube.com/support,0
http://193.134.197.127/account.php?cmd=login&session=abcdef,1
https://app.salesforce.com/support,0
https://api.slack.com/blog,0
https://www.reddit.com/help,0
https://api.slack.com/pricing,0
https://236.63.221.123/reset-password-now,1
http://mail.facebook.com/features,0
https://paypal-verify-account-u80zrz.com/update-billing,1
https://mail.apple.com/products,0
https://api.facebook.com/features,0
https://app.apple.com/login,0
https://cnn.com/,0
https://google.com/home,0
https://www.slack.com/news,0
https://mail.ebay.com/help,0
http://click-here-c1l2qj.info/update-billing,1
https://mail.netflix.com/services,0
https://citibank-security-alert.pw/win-prize-claim,1
https://api.amazon.com/home,0
https://amazon-prize-winner-95cpjz.cf/secure-login,1
https://api.amazon.com/help,0
https://api.bbc.com/pricing,0
http://mail.bbc.com/home,0
https://www.zoom.us/login,0
https://youtube.com/services,0
https://app.amazon.com/blog,0
https://mail.google.com/features,0
http://243.226.227.92/update-billing,1
https://free-iphone-kcpw0g.top/reset-password-now,1
http://google.account-suspended-pnf4jd.tk/secure-login,1
https://www.zoom.us/contact,0
http://verify-citibank-identity.gq/confirm-identity,1
https://app.ebay.com/about,0
http://app.cnn.com/login,0
https://96.158.175.97/verify-account,1
https://api.linkedin.com/,0
https://api.oracle.com/features,0
https://114.45.192.56/win-prize-claim,1
https://adobe.com/blog,0
https://account-suspended-cmnia2.tk/?id=12345&ref=phish,1
https://api.reddit.com/features,0
https://mail.salesforce.com/login,0
https://slack.com/contact,0
http://amazon.paypal-verify-account-xqomts.com/suspended-account-recover,1
https://www.stackoverflow.com/news,0
https://microsoft-security-alert.pw/verify-account,1
https://mail.nytimes.com/login,0
https://mail.shopify.com/home,0
https://citibank-security-alert.pw/confirm-identity,1
http://241.135.27.129/verify-account,1
http://amazon.login-fc6ran-secure.ml/?id=12345&ref=phish,1
https://mail.forbes.com/blog,0
https://paypal-verify-account-7m08lc.com/account.php?cmd=login&session=abcdef,1
https://116.102.137.179/account.php?cmd=login&session=abcdef,1
https://forbes.com/faq,0
http://amazon-prize-winner-y6q9yl.cf/suspended-account-recover,1
https://app.netflix.com/products,0
https://api.medium.com/help,0
https://183.76.33.224/free-gift-activate,1
https://amazon.com/help,0
http://bankofamerica-security-alert.pw/secure-login,1
https://paypal.account-suspended-bjb6m9.tk/win-prize-claim,1
http://free-iphone-se0kiv.top/suspended-account-recover,1
https://api.nytimes.com/help,0
https://oracle.com/support,0
https://chase-update-billing.xyz/confirm-identity,1
http://google.secure-bankofamerica-login.com/win-prize-claim,1
http://app.zoom.us/services,0
http://app.ebay.com/features,0
https://app.salesforce.com/about,0
http://user@login-9k499n-secure.ml/free-gift-activate,1
https://app.bbc.com/,0
https://mail.stripe.com/pricing,0
https://stackoverflow.com/faq,0
http://user@verify-chase-identity.gq/win-prize-claim,1
https://app.stripe.com/about,0
https://api.paypal.com/about,0
http://free-iphone-di3g13.top/confirm-identity,1
https://mail.slack.com/home,0
https://151.34.57.124/verify-account,1
http://free-iphone-xkwq0y.top/account.php?cmd=login&session=abcdef,1
https://www.nytimes.com/features,0
https://user@verify-chase-identity.gq/confirm-identity,1
https://mail.amazon.com/,0
http://google-security-alert.pw/verify-account,1
http://paypal-verify-account-tcqr3e.com/account.php?cmd=login&session=abcdef,1
http://230.157.76.84/?id=12345&ref=phish,1
https://youtube.com/faq,0
https://app.google.com/about,0
https://mail.twitter.com/,0
http://46.97.174.83/reset-password-now,1
https://user@free-iphone-rdeky8.top/secure-login,1
http://forbes.com/blog,0
https://api.ebay.com/faq,0
http://secure-hsbc-login.com/win-prize-claim,1
https://www.dropbox.com/home,0
https://apple.com/help,0
https://app.google.com/faq,0
http://user@free-iphone-adi5uu.top/reset-password-now,1
http://paypal-update-billing.xyz/secure-login,1
http://secure-wellsfargo-login.com/verify-account,1
http://apple.verify-citibank-identity.gq/secure-login,1
http://amazon.amazon-prize-winner-1epekg.cf/account.php?cmd=login&session=abcdef,1
http://168.122.31.116/update-billing,1
http://amazon-prize-winner-i5wlld.cf/verify-account,1
https://app.ebay.com/support,0
https://app.twitter.com/faq,0
https://oracle.com/contact,0
https://account-suspended-f4akdn.tk/verify-account,1
http://paypal-verify-account-0s6enf.com/win-prize-claim,1
http://paypal-verify-account-ohdk51.com/win-prize-claim,1
https://204.197.151.80/reset-password-now,1
https://app.linkedin.com/services,0
https://mail.microsoft.com/features,0
http://12.143.16.197/reset-password-now,1
https://api.forbes.com/support,0
https://wellsfargo-update-billing.xyz/account.php?cmd=login&session=abcdef,1
http://click-here-qabxw2.info/update-billing,1
http://account-suspended-vdo4s4.tk/confirm-identity,1
https://api.stackoverflow.com/login,0
https://ebay.com/blog,0
https://app.zoom.us/about,0
https://mail.reddit.com/home,0
https://user@secure-wellsfargo-login.com/account.php?cmd=login&session=abcdef,1
http://login-bo549e-secure.ml/suspended-account-recover,1
http://amazon.verify-amazon-identity.gq/win-prize-claim,1
http://verify-apple-identity.gq/win-prize-claim,1
https://app.paypal.com/signup,0
https://www.stripe.com/services,0
https://nytimes.com/pricing,0
https://www.nytimes.com/pricing,0
http://click-here-5rmjpc.info/verify-account,1
http://free-iphone-dxx60l.top/account.php?cmd=login&session=abcdef,1
https://www.linkedin.com/faq,0
https://bbc.com/news,0
https://click-here-bvhuaz.info/account.php?cmd=login&session=abcdef,1
https://app.medium.com/services,0
http://verify-google-identity.gq/reset-password-now,1
http://15.94.104.143/secure-login,1
http://109.158.49.59/reset-password-now,1
http://google-update-billing.xyz/update-billing,1
https://187.189.143.122/?id=12345&ref=phish,1
https://linkedin.com/faq,0
http://192.19.114.196/account.php?cmd=login&session=abcdef,1
https://login-7pwdbo-secure.ml/reset-password-now,1
https://www.slack.com/faq,0
https://app.netflix.com/blog,0
https://click-here-rp0aga.info/confirm-identity,1
http://www.netflix.com/services,0
https://account-suspended-gsb98v.tk/update-billing,1
https://app.cnn.com/faq,0
https://verify-amazon-identity.gq/suspended-account-recover,1
http://amazon.google-security-alert.pw/account.php?cmd=login&session=abcdef,1
https://mail.microsoft.com/faq,0
http://account-suspended-0pt2da.tk/secure-login,1
https://www.nytimes.com/signup,0
https://mail.oracle.com/help,0
https://nytimes.com/news,0
https://app.google.com/services,0
http://account-suspended-37zcga.tk/secure-login,1
https://www.stackoverflow.com/about,0
https://www.linkedin.com/,0
https://mail.bbc.com/features,0
https://app.stackoverflow.com/blog,0
https://mail.medium.com/services,0
http://api.microsoft.com/support,0
https://www.wikipedia.org/pricing,0
http://app.twitter.com/contact,0
https://youtube.com/,0
https://dropbox.com/pricing,0
https://www.slack.com/contact,0
https://google.citibank-update-billing.xyz/verify-account,1
https://user@bankofamerica-update-billing.xyz/secure-login,1
http://api.dropbox.com/help,0
http://google.paypal-verify-account-8qo6p4.com/verify-account,1
https://134.77.145.186/win-prize-claim,1
http://amazon-prize-winner-hc7tbh.cf/update-billing,1
https://stripe.com/products,0
https://user@free-iphone-iu9mjy.top/update-billing,1
https://amazon.com/services,0
http://243.44.203.42/update-billing,1
https://mail.oracle.com/login,0
https://www.salesforce.com/signup,0
https://www.stripe.com/faq,0
http://user@amazon-prize-winner-gfpqxo.cf/?id=12345&ref=phish,1
https://amazon.click-here-cd5xrs.info/confirm-identity,1
http://click-here-43icev.info/win-prize-claim,1
http://paypal-verify-account-1frf89.com/confirm-identity,1
https://mail.stripe.com/support,0
https://paypal.com/faq,0
http://slack.com/login,0
https://mail.facebook.com/products,0
https://api.twitter.com/services,0
https://amazon.verify-amazon-identity.gq/secure-login,1
https://mail.oracle.com/news,0
https://app.stackoverflow.com/pricing,0
https://159.155.11.64/verify-account,1
http://amazon.account-suspended-tgdk4s.tk/win-prize-claim,1
http://login-csz0a0-secure.ml/?id=12345&ref=phish,1
http://234.36.216.250/account.php?cmd=login&session=abcdef,1
https://api.youtube.com/signup,0
https://www.nytimes.com/services,0
https://app.salesforce.com/help,0
https://bankofamerica-update-billing.xyz/account.php?cmd=login&session=abcdef,1
https://bankofamerica-security-alert.pw/verify-account,1
http://31.151.18.91/confirm-identity,1
https://236.164.128.78/?id=12345&ref=phish,1
http://paypal.verify-hsbc-identity.gq/free-gift-activate,1
https://mail.bbc.com/about,0
https://paypal.com/signup,0
https://app.google.com/support,0
http://user@secure-bankofamerica-login.com/update-billing,1
https://api.nytimes.com/home,0
https://wikipedia.org/about,0
http://user@paypal-verify-account-d4ysd6.com/?id=12345&ref=phish,1
https://api.stackoverflow.com/pricing,0
http://secure-bankofamerica-login.com/suspended-account-recover,1
https://amazon-prize-winner-w60zz0.cf/confirm-identity,1
https://twitter.com/home,0
https://app.wikipedia.org/pricing,0
https://mail.slack.com/signup,0
https://app.reddit.com/features,0
https://free-iphone-45ed5g.top/update-billing,1
https://api.salesforce.com/help,0
http://secure-bankofamerica-login.com/update-billing,1
http://amazon-prize-winner-fxi5n5.cf/secure-login,1
https://api.medium.com/services,0
http://user@login-8qo09v-secure.ml/?id=12345&ref=phish,1
https://bankofamerica-security-alert.pw/secure-login,1
http://32.26.172.182/reset-password-now,1
http://paypal.verify-bankofamerica-identity.gq/free-gift-activate,1
http://account-suspended-ob0nlw.tk/account.php?cmd=login&session=abcdef,1
https://app.google.com/services,0
https://api.github.com/signup,0
http://user@free-iphone-4bvpy8.top/secure-login,1
https://account-suspended-tgo5aw.tk/suspended-account-recover,1
http://secure-paypal-login.com/?id=12345&ref=phish,1
https://api.medium.com/help,0
https://paypal.free-iphone-51kfk7.top/?id=12345&ref=phish,1
https://www.bbc.com/,0
https://api.google.com/contact,0
https://twitter.com/contact,0
http://mail.forbes.com/blog,0
http://amazon.verify-bankofamerica-identity.gq/win-prize-claim,1
https://mail.stackoverflow.com/features,0
https://paypal.citibank-security-alert.pw/account.php?cmd=login&session=abcdef,1
http://click-here-gk6yul.info/win-prize-claim,1
http://mail.stackoverflow.com/blog,0
https://api.apple.com/,0
http://apple.microsoft-update-billing.xyz/update-billing,1
https://mail.cnn.com/signup,0
https://mail.linkedin.com/faq,0
https://mail.twitter.com/signup,0
http://apple.secure-paypal-login.com/win-prize-claim,1
http://medium.com/help,0
https://api.ebay.com/pricing,0
http://35.72.10.9/?id=12345&ref=phish,1
https://api.youtube.com/pricing,0
https://mail.wikipedia.org/login,0
http://google.click-here-tp0kzu.info/win-prize-claim,1
https://nytimes.com/features,0
https://www.stripe.com/support,0
https://www.ebay.com/home,0
http://login-8minq4-secure.ml/win-prize-claim,1
https://paypal-verify-account-s9ui14.com/suspended-account-recover,1
http://free-iphone-6viarp.top/confirm-identity,1
https://twitter.com/faq,0
https://api.facebook.com/contact,0
http://124.66.232.180/suspended-account-recover,1
http://47.208.83.110/?id=12345&ref=phish,1
https://dropbox.com/signup,0
https://account-suspended-d9vvn5.tk/free-gift-activate,1
https://mail.forbes.com/,0
https://135.187.225.79/secure-login,1
https://api.linkedin.com/blog,0
http://google.hsbc-update-billing.xyz/win-prize-claim,1
http://google.click-here-ec275j.info/?id=12345&ref=phish,1
http://secure-hsbc-login.com/reset-password-now,1
https://app.zoom.us/products,0
http://click-here-s60yup.info/secure-login,1
https://account-suspended-we6rgl.tk/reset-password-now,1
http://verify-microsoft-identity.gq/?id=12345&ref=phish,1
https://stripe.com/help,0
https://account-suspended-k2y77z.tk/suspended-account-recover,1
https://api.stripe.com/login,0
http://paypal.login-5r2slr-secure.ml/account.php?cmd=login&session=abcdef,1
https://apple.chase-security-alert.pw/win-prize-claim,1
https://slack.com/contact,0
https://www.facebook.com/support,0
http://app.microsoft.com/blog,0
http://click-here-dingxu.info/update-billing,1
https://amazon-prize-winner-1urttq.cf/?id=12345&ref=phish,1
https://api.cnn.com/help,0
https://app.stackoverflow.com/features,0
http://api.stackoverflow.com/pricing,0
https://www.oracle.com/products,0
https://187.228.114.190/free-gift-activate,1
http://paypal.verify-wellsfargo-identity.gq/verify-account,1
https://mail.microsoft.com/home,0
http://166.148.87.117/update-billing,1
https://www.netflix.com/blog,0
http://user@free-iphone-vnrpjy.top/secure-login,1
https://api.ebay.com/products,0
http://user@free-iphone-jvie6d.top/account.php?cmd=login&session=abcdef,1
https://www.stackoverflow.com/help,0
https://mail.linkedin.com/pricing,0
https://api.bbc.com/features,0
https://mail.bbc.com/features,0
http://apple.click-here-lslv3n.info/confirm-identity,1
https://paypal-verify-account-7ggo46.com/reset-password-now,1
https://google-update-billing.xyz/?id=12345&ref=phish,1
https://apple.wellsfargo-security-alert.pw/secure-login,1
http://223.74.93.249/suspended-account-recover,1
http://apple.account-suspended-6p9jla.tk/confirm-identity,1
http://232.77.216.64/reset-password-now,1
https://wikipedia.org/services,0
http://verify-citibank-identity.gq/account.php?cmd=login&session=abcdef,1
https://www.medium.com/signup,0
https://reddit.com/contact,0
http://hsbc-security-alert.pw/suspended-account-recover,1
http://click-here-pqfhpv.info/reset-password-now,1
https://app.apple.com/,0
https://api.ebay.com/support,0
https://shopify.com/blog,0
https://api.apple.com/about,0
http://amazon-prize-winner-gw3paj.cf/account.php?cmd=login&session=abcdef,1
http://user@login-pzc5yp-secure.ml/win-prize-claim,1
http://secure-amazon-login.com/secure-login,1
http://verify-apple-identity.gq/suspended-account-recover,1
http://apple.free-iphone-98rl9q.top/update-billing,1
https://mail.amazon.com/about,0
http://user@login-ertqhn-secure.ml/win-prize-claim,1
https://stripe.com/faq,0
http://amazon.free-iphone-ln36v1.top/suspended-account-recover,1
https://www.twitter.com/about,0
http://user@amazon-prize-winner-4b8j4z.cf/secure-login,1
http://paypal.click-here-zgehui.info/free-gift-activate,1
http://paypal.paypal-security-alert.pw/?id=12345&ref=phish,1
https://amazon.verify-chase-identity.gq/secure-login,1
https://bbc.com/,0
http://149.80.146.210/reset-password-now,1
https://api.cnn.com/about,0
https://132.28.209.84/update-billing,1
http://amazon-prize-winner-fvwj7y.cf/reset-password-now,1
https://app.google.com/login,0
https://api.salesforce.com/,0
http://user@login-3bnegu-secure.ml/verify-account,1
https://mail.amazon.com/faq,0
http://secure-google-login.com/free-gift-activate,1
https://api.medium.com/pricing,0
http://amazon.secure-microsoft-login.com/update-billing,1
https://app.apple.com/features,0
https://api.stripe.com/login,0
https://stackoverflow.com/help,0
https://api.forbes.com/contact,0
https://facebook.com/features,0
http://mail.ebay.com/login,0
https://api.shopify.com/contact,0
https://api.apple.com/signup,0
https://api.wikipedia.org/features,0
https://www.medium.com/signup,0
https://mail.amazon.com/,0
http://45.30.221.123/account.php?cmd=login&session=abcdef,1
http://chase-update-billing.xyz/verify-account,1
https://app.zoom.us/home,0
http://login-7qg24d-secure.ml/?id=12345&ref=phish,1
https://www.ebay.com/login,0
https://user@citibank-security-alert.pw/confirm-identity,1
https://www.reddit.com/products,0
https://youtube.com/help,0
http://96.199.212.242/update-billing,1
http://verify-bankofamerica-identity.gq/?id=12345&ref=phish,1
https://app.wikipedia.org/features,0
http://amazon-prize-winner-7d9gb9.cf/suspended-account-recover,1
https://netflix.com/home,0
https://mail.reddit.com/help,0
http://api.oracle.com/faq,0
http://account-suspended-qp56a2.tk/?id=12345&ref=phish,1
http://login-47emdo-secure.ml/update-billing,1
https://user@chase-security-alert.pw/reset-password-now,1
https://api.nytimes.com/help,0
https://mail.oracle.com/help,0
https://www.nytimes.com/home,0
https://facebook.com/home,0
https://app.adobe.com/,0
https://api.amazon.com/home,0
https://api.paypal.com/login,0
https://www.amazon.com/features,0
https://www.slack.com/faq,0
https://linkedin.com/contact,0
http://189.37.126.168/account.php?cmd=login&session=abcdef,1
http://google-update-billing.xyz/verify-account,1
http://242.251.230.147/secure-login,1
http://app.ebay.com/news,0
https://amazon.com/pricing,0
https://zoom.us/features,0
http://37.37.201.151/reset-password-now,1
http://login-70shyv-secure.ml/suspended-account-recover,1
https://amazon-prize-winner-yvmtd5.cf/free-gift-activate,1
https://login-slhgmr-secure.ml/win-prize-claim,1
http://youtube.com/about,0
https://api.nytimes.com/news,0
https://www.linkedin.com/features,0
https://app.linkedin.com/faq,0
http://login-17xfh4-secure.ml/update-billing,1
http://146.189.69.14/update-billing,1
https://mail.stackoverflow.com/blog,0
https://www.linkedin.com/about,0
https://mail.adobe.com/home,0
http://google.account-suspended-4lz95a.tk/win-prize-claim,1
http://paypal.verify-google-identity.gq/update-billing,1
http://app.stackoverflow.com/login,0
https://api.zoom.us/login,0
https://account-suspended-gsvanr.tk/confirm-identity,1
http://login-7pum32-secure.ml/account.php?cmd=login&session=abcdef,1
https://dropbox.com/features,0
http://api.github.com/support,0
https://mail.stripe.com/support,0
https://verify-apple-identity.gq/suspended-account-recover,1
https://mail.reddit.com/news,0
http://amazon-prize-winner-twt2i9.cf/win-prize-claim,1
https://microsoft.com/news,0
http://paypal.chase-update-billing.xyz/reset-password-now,1
http://click-here-e48m2q.info/win-prize-claim,1
https://adobe.com/services,0
https://user@verify-paypal-identity.gq/win-prize-claim,1
http://wellsfargo-update-billing.xyz/account.php?cmd=login&session=abcdef,1
https://mail.forbes.com/news,0
https://api.netflix.com/products,0
http://www.twitter.com/help,0
https://132.206.101.93/win-prize-claim,1
https://api.twitter.com/support,0
http://amazon-prize-winner-jvdpng.cf/win-prize-claim,1
https://microsoft.com/help,0
http://secure-wellsfargo-login.com/suspended-account-recover,1
https://app.shopify.com/pricing,0
https://www.microsoft.com/products,0
https://account-suspended-l90mcz.tk/confirm-identity,1
http://click-here-0q2lg1.info/win-prize-claim,1
http://verify-citibank-identity.gq/reset-password-now,1
http://secure-bankofamerica-login.com/confirm-identity,1
https://www.stripe.com/support,0
http://105.44.50.129/update-billing,1
http://secure-microsoft-login.com/account.php?cmd=login&session=abcdef,1
http://app.adobe.com/about,0
https://amazon.verify-wellsfargo-identity.gq/update-billing,1
https://mail.dropbox.com/faq,0
https://www.wikipedia.org/contact,0
https://app.bbc.com/login,0
https://www.forbes.com/login,0
https://oracle.com/pricing,0
https://www.zoom.us/,0
http://api.twitter.com/about,0
http://free-iphone-b9j52o.top/account.php?cmd=login&session=abcdef,1
http://127.163.98.213/?id=12345&ref=phish,1
https://app.paypal.com/features,0
http://google.secure-google-login.com/suspended-account-recover,1
http://free-iphone-4z4vcv.top/?id=12345&ref=phish,1
https://paypal.chase-security-alert.pw/free-gift-activate,1
https://api.netflix.com/pricing,0
https://paypal-update-billing.xyz/free-gift-activate,1
https://173.193.228.127/suspended-account-recover,1
https://mail.dropbox.com/home,0
https://facebook.com/pricing,0
https://paypal-verify-account-7mb41g.com/free-gift-activate,1
https://mail.apple.com/features,0
https://mail.microsoft.com/,0
http://paypal.click-here-rjib73.info/account.php?cmd=login&session=abcdef,1
http://30.215.105.230/update-billing,1
http://secure-chase-login.com/update-billing,1
https://app.stripe.com/about,0
http://secure-amazon-login.com/?id=12345&ref=phish,1
https://mail.adobe.com/services,0
http://stackoverflow.com/news,0
http://amazon-prize-winner-1o8m29.cf/reset-password-now,1
http://user@click-here-gqexih.info/secure-login,1
http://user@amazon-prize-winner-a3kl0n.cf/secure-login,1
https://google.click-here-k3tydc.info/secure-login,1
http://microsoft-security-alert.pw/verify-account,1
http://click-here-8bemc5.info/confirm-identity,1
https://click-here-d1fpe6.info/free-gift-activate,1
https://app.salesforce.com/news,0
https://oracle.com/services,0
http://www.dropbox.com/products,0
https://paypal.paypal-verify-account-a3s8pg.com/verify-account,1
https://app.google.com/support,0
http://verify-wellsfargo-identity.gq/free-gift-activate,1
https://forbes.com/login,0
https://stripe.com/home,0
https://app.paypal.com/services,0
https://user@hsbc-update-billing.xyz/reset-password-now,1
http://paypal-verify-account-ypmlva.com/reset-password-now,1
http://login-9igd40-secure.ml/secure-login,1
https://api.ebay.com/home,0
http://free-iphone-tiaxuf.top/account.php?cmd=login&session=abcdef,1
http://bankofamerica-security-alert.pw/secure-login,1
https://dropbox.com/about,0
http://verify-wellsfargo-identity.gq/win-prize-claim,1
http://nytimes.com/support,0
https://click-here-h8llrb.info/secure-login,1
https://www.google.com/home,0
http://login-h2mkv0-secure.ml/secure-login,1
http://secure-citibank-login.com/suspended-account-recover,1
http://login-6kj752-secure.ml/confirm-identity,1
https://cnn.com/news,0
https://158.186.192.242/free-gift-activate,1
http://paypal-verify-account-nmzso6.com/verify-account,1
https://app.facebook.com/news,0
https://www.microsoft.com/home,0
https://www.stackoverflow.com/pricing,0
https://api.apple.com/,0
https://amazon-prize-winner-lnqbu4.cf/reset-password-now,1
https://app.stackoverflow.com/services,0
https://app.bbc.com/help,0
http://74.186.50.121/free-gift-activate,1
http://google.verify-microsoft-identity.gq/?id=12345&ref=phish,1
https://secure-microsoft-login.com/win-prize-claim,1
https://www.google.com/contact,0
http://mail.linkedin.com/support,0
https://free-iphone-psxt0s.top/update-billing,1
http://paypal.paypal-verify-account-n7dlbq.com/free-gift-activate,1
https://free-iphone-3c330b.top/win-prize-claim,1
http://amazon-prize-winner-fzd6kp.cf/account.php?cmd=login&session=abcdef,1
https://www.reddit.com/,0
http://free-iphone-jrpe2x.top/win-prize-claim,1
https://www.facebook.com/pricing,0
http://login-1wxyww-secure.ml/?id=12345&ref=phish,1
https://app.twitter.com/pricing,0
https://56.241.35.157/reset-password-now,1
https://www.stripe.com/features,0
http://paypal-verify-account-3ple45.com/verify-account,1
http://amazon.account-suspended-avx56l.tk/update-billing,1
http://209.93.162.181/confirm-identity,1
https://zoom.us/news,0
http://paypal.account-suspended-w3stt1.tk/secure-login,1
https://zoom.us/pricing,0
https://free-iphone-uk94iw.top/verify-account,1
http://paypal.paypal-verify-account-5fl2mo.com/suspended-account-recover,1
http://4.189.202.9/reset-password-now,1
http://81.245.98.148/secure-login,1
https://www.paypal.com/help,0
https://214.29.234.124/?id=12345&ref=phish,1
http://paypal-security-alert.pw/suspended-account-recover,1
https://239.125.110.110/suspended-account-recover,1
http://apple.click-here-kte02b.info/confirm-identity,1
https://app.paypal.com/contact,0
https://click-here-bgtj54.info/?id=12345&ref=phish,1
http://account-suspended-0j4a8y.tk/account.php?cmd=login&session=abcdef,1
https://github.com/about,0
http://amazon-update-billing.xyz/account.php?cmd=login&session=abcdef,1
http://click-here-8wiv5h.info/confirm-identity,1
https://api.slack.com/help,0
https://amazon.paypal-verify-account-69ix9x.com/update-billing,1
http://user@paypal-verify-account-5aalir.com/win-prize-claim,1
https://www.linkedin.com/signup,0
http://secure-amazon-login.com/free-gift-activate,1
http://chase-security-alert.pw/secure-login,1
http://app.microsoft.com/signup,0
https://mail.apple.com/home,0
https://api.netflix.com/help,0
http://amazon.account-suspended-f15icy.tk/verify-account,1
http://login-vgp52f-secure.ml/confirm-identity,1
https://mail.shopify.com/products,0
http://citibank-update-billing.xyz/?id=12345&ref=phish,1
http://oracle.com/login,0
https://www.reddit.com/faq,0
https://mail.microsoft.com/products,0
https://app.amazon.com/home,0
https://www.google.com/news,0
https://www.forbes.com/about,0
http://google-security-alert.pw/reset-password-now,1
https://app.oracle.com/news,0
http://citibank-security-alert.pw/secure-login,1
http://5.109.148.81/free-gift-activate,1
http://user@account-suspended-g8b24e.tk/confirm-identity,1
https://verify-chase-identity.gq/confirm-identity,1
http://free-iphone-idg26h.top/suspended-account-recover,1
https://www.google.com/contact,0
http://verify-amazon-identity.gq/secure-login,1
https://secure-paypal-login.com/account.php?cmd=login&session=abcdef,1
http://apple-security-alert.pw/win-prize-claim,1
https://api.oracle.com/support,0
https://19.19.147.187/free-gift-activate,1
https://click-here-rikomf.info/free-gift-activate,1
https://api.ebay.com/pricing,0
https://github.com/contact,0
http://login-9xfq1e-secure.ml/win-prize-claim,1
https://api.amazon.com/login,0
https://user@google-update-billing.xyz/verify-account,1
https://google.com/news,0
https://secure-paypal-login.com/free-gift-activate,1
https://8.95.206.152/free-gift-activate,1
http://user@account-suspended-4a3yjt.tk/?id=12345&ref=phish,1
http://paypal-verify-account-nda37e.com/secure-login,1
https://www.nytimes.com/about,0
https://click-here-qv8els.info/win-prize-claim,1
http://login-ufqymb-secure.ml/suspended-account-recover,1
https://paypal-verify-account-8ur6ti.com/verify-account,1
https://api.nytimes.com/about,0
https://amazon.com/news,0
https://app.stackoverflow.com/blog,0
https://shopify.com/home,0
https://app.amazon.com/help,0
https://www.oracle.com/products,0
https://medium.com/about,0
https://api.dropbox.com/signup,0
http://mail.slack.com/products,0
http://paypal-verify-account-1lqjsq.com/secure-login,1
https://wikipedia.org/pricing,0
http://bankofamerica-update-billing.xyz/reset-password-now,1
http://4.160.234.29/secure-login,1
http://mail.microsoft.com/,0
https://api.adobe.com/home,0
https://mail.cnn.com/login,0
http://172.79.112.149/confirm-identity,1
https://app.reddit.com/blog,0
http://190.102.64.45/secure-login,1
http://login-m2kql0-secure.ml/confirm-identity,1
http://paypal-verify-account-hjo5ct.com/secure-login,1
https://app.linkedin.com/about,0
http://amazon-update-billing.xyz/secure-login,1
http://paypal-verify-account-jlidig.com/update-billing,1
https://free-iphone-osyeoz.top/secure-login,1
https://www.facebook.com/help,0
https://mail.bbc.com/signup,0
http://paypal-update-billing.xyz/account.php?cmd=login&session=abcdef,1
http://amazon.paypal-verify-account-evwchm.com/win-prize-claim,1
https://amazon.account-suspended-fd8wzg.tk/suspended-account-recover,1
http://verify-paypal-identity.gq/secure-login,1
https://paypal-verify-account-pk1acf.com/?id=12345&ref=phish,1
http://citibank-update-billing.xyz/account.php?cmd=login&session=abcdef,1
http://100.26.82.37/update-billing,1
https://api.stackoverflow.com/news,0
http://google.click-here-hfrrcv.info/update-billing,1
https://api.medium.com/login,0
https://www.nytimes.com/faq,0
http://apple.amazon-prize-winner-6j37sp.cf/update-billing,1
https://verify-wellsfargo-identity.gq/?id=12345&ref=phish,1
https://account-suspended-rhecy1.tk/verify-account,1
http://96.184.50.11/update-billing,1
http://amazon-prize-winner-1ax985.cf/confirm-identity,1
https://251.106.220.57/?id=12345&ref=phish,1
https://mail.wikipedia.org/home,0
https://mail.apple.com/about,0
http://youtube.com/news,0
http://google.hsbc-security-alert.pw/reset-password-now,1
https://api.dropbox.com/services,0
https://cnn.com/faq,0
https://apple.google-update-billing.xyz/win-prize-claim,1
https://api.netflix.com/signup,0
https://api.facebook.com/contact,0
https://api.slack.com/login,0
http://account-suspended-7zfcty.tk/account.php?cmd=login&session=abcdef,1
https://app.slack.com/news,0
https://api.wikipedia.org/news,0
http://108.139.1.109/free-gift-activate,1
http://132.199.129.135/?id=12345&ref=phish,1
https://dropbox.com/home,0
http://secure-citibank-login.com/reset-password-now,1
https://api.wikipedia.org/signup,0
http://amazon.click-here-4bfpv0.info/account.php?cmd=login&session=abcdef,1
https://api.oracle.com/services,0
http://paypal-verify-account-356waf.com/update-billing,1
http://verify-chase-identity.gq/reset-password-now,1
http://secure-apple-login.com/confirm-identity,1
http://google.paypal-verify-account-q4ehv1.com/win-prize-claim,1
https://secure-citibank-login.com/suspended-account-recover,1
https://www.forbes.com/signup,0
http://account-suspended-22wgn5.tk/?id=12345&ref=phish,1
https://amazon-prize-winner-3fjpo4.cf/secure-login,1
https://www.amazon.com/products,0
http://api.apple.com/products,0
http://247.179.181.37/confirm-identity,1
https://api.wikipedia.org/features,0
http://account-suspended-u6l5nf.tk/suspended-account-recover,1
http://117.5.2.98/free-gift-activate,1
http://click-here-a50121.info/verify-account,1
http://paypal-update-billing.xyz/account.php?cmd=login&session=abcdef,1
https://api.forbes.com/services,0
http://verify-wellsfargo-identity.gq/verify-account,1
https://mail.netflix.com/faq,0
http://verify-bankofamerica-identity.gq/update-billing,1
https://slack.com/help,0
http://amazon-prize-winner-dju39x.cf/reset-password-now,1
https://user@free-iphone-r6z3dx.top/verify-account,1
https://mail.youtube.com/blog,0
http://app.github.com/faq,0
http://verify-hsbc-identity.gq/?id=12345&ref=phish,1
https://amazon.click-here-p18obs.info/reset-password-now,1
https://api.twitter.com/features,0
https://www.ebay.com/about,0
http://google.verify-microsoft-identity.gq/secure-login,1
https://api.github.com/contact,0
http://click-here-n7x5rr.info/win-prize-claim,1
https://mail.netflix.com/services,0
https://mail.forbes.com/login,0
https://api.reddit.com/pricing,0
http://paypal-verify-account-h6uamw.com/reset-password-now,1
https://www.facebook.com/products,0
https://46.9.35.75/update-billing,1
https://api.salesforce.com/pricing,0
https://mail.wikipedia.org/blog,0
http://api.nytimes.com/news,0
https://mail.apple.com/blog,0
https://login-ofpatm-secure.ml/?id=12345&ref=phish,1
http://amazon-prize-winner-d5afql.cf/confirm-identity,1
https://app.adobe.com/help,0
https://app.github.com/features,0
https://facebook.com/products,0
https://app.cnn.com/about,0
http://account-suspended-sv5itm.tk/?id=12345&ref=phish,1
https://app.google.com/features,0
http://account-suspended-suwdke.tk/reset-password-now,1
https://app.paypal.com/signup,0
https://api.medium.com/blog,0
http://google.microsoft-security-alert.pw/account.php?cmd=login&session=abcdef,1
https://amazon.verify-bankofamerica-identity.gq/?id=12345&ref=phish,1
http://77.19.55.213/verify-account,1
https://app.slack.com/pricing,0
http://login-12v2tg-secure.ml/?id=12345&ref=phish,1
https://app.medium.com/faq,0
http://amazon.account-suspended-1bjt4z.tk/update-billing,1
https://mail.stackoverflow.com/pricing,0
https://26.135.27.176/verify-account,1
http://user@verify-wellsfargo-identity.gq/?id=12345&ref=phish,1
http://paypal.microsoft-security-alert.pw/suspended-account-recover,1
https://cnn.com/products,0
http://api.bbc.com/about,0
http://user@microsoft-security-alert.pw/secure-login,1
https://api.slack.com/signup,0
https://app.medium.com/signup,0
http://user@secure-google-login.com/confirm-identity,1
https://stackoverflow.com/signup,0
http://paypal.microsoft-security-alert.pw/?id=12345&ref=phish,1
http://free-iphone-vg6n96.top/account.php?cmd=login&session=abcdef,1
https://login-og0z0c-secure.ml/win-prize-claim,1
https://wikipedia.org/pricing,0
https://hsbc-update-billing.xyz/update-billing,1
http://chase-update-billing.xyz/secure-login,1
https://mail.bbc.com/about,0
http://login-ondhkb-secure.ml/free-gift-activate,1
https://facebook.com/faq,0
https://free-iphone-n81djd.top/confirm-identity,1
http://19.107.98.91/update-billing,1
https://apple.login-ap6zpx-secure.ml/account.php?cmd=login&session=abcdef,1
https://mail.netflix.com/products,0
http://243.159.238.38/secure-login,1
http://191.57.250.152/win-prize-claim,1
https://www.google.com/services,0
http://132.195.40.56/account.php?cmd=login&session=abcdef,1
https://api.github.com/faq,0
http://amazon-prize-winner-b9v1t4.cf/reset-password-now,1
https://dropbox.com/pricing,0
https://verify-apple-identity.gq/update-billing,1
http://www.microsoft.com/,0
https://amazon.amazon-prize-winner-f84z7h.cf/?id=12345&ref=phish,1
http://verify-hsbc-identity.gq/confirm-identity,1
http://account-suspended-enw34y.tk/confirm-identity,1
https://app.salesforce.com/faq,0
http://reddit.com/features,0
http://citibank-security-alert.pw/verify-account,1
http://bbc.com/products,0
http://login-g1r1cq-secure.ml/reset-password-now,1
https://mail.twitter.com/news,0
https://mail.twitter.com/pricing,0
https://api.dropbox.com/pricing,0
https://user@amazon-prize-winner-2s9nbl.cf/update-billing,1
https://app.oracle.com/login,0
https://app.ebay.com/news,0
http://secure-chase-login.com/?id=12345&ref=phish,1
http://account-suspended-oi3net.tk/secure-login,1
http://amazon.secure-chase-login.com/reset-password-now,1
https://verify-hsbc-identity.gq/free-gift-activate,1
https://mail.facebook.com/services,0
http://amazon-update-billing.xyz/suspended-account-recover,1
https://app.slack.com/features,0
http://verify-bankofamerica-identity.gq/suspended-account-recover,1
http://amazon-security-alert.pw/?id=12345&ref=phish,1
https://twitter.com/blog,0
https://app.paypal.com/blog,0
https://www.dropbox.com/support,0
https://www.cnn.com/login,0
http://paypal-verify-account-d8a2ib.com/secure-login,1
http://account-suspended-ybf0ju.tk/suspended-account-recover,1
https://stackoverflow.com/help,0
https://wikipedia.org/signup,0
https://api.wikipedia.org/blog,0
http://api.stripe.com/pricing,0
